"../../../Engine/Plugins/Interchange/Runtime/Content/Pipelines/DefaultTexturePipeline.uasset" 0
"../../../Engine/Plugins/Interchange/Runtime/Content/Pipelines/DefaultTexturePipeline.uexp" 1
"../../../Engine/Plugins/Interchange/Runtime/Content/Pipelines/DefaultSceneLevelPipeline.uasset" 2
"../../../Engine/Plugins/Interchange/Runtime/Content/Pipelines/DefaultSceneLevelPipeline.uexp" 3
"../../../Engine/Plugins/Interchange/Runtime/Content/Pipelines/DefaultSceneAssetsPipeline.uasset" 4
"../../../Engine/Plugins/Interchange/Runtime/Content/Pipelines/DefaultSceneAssetsPipeline.uexp" 5
"../../../Engine/Plugins/Interchange/Runtime/Content/Pipelines/DefaultMaterialXPipeline.uasset" 6
"../../../Engine/Plugins/Interchange/Runtime/Content/Pipelines/DefaultMaterialXPipeline.uexp" 7
"../../../Engine/Plugins/Interchange/Runtime/Content/Pipelines/DefaultMaterialPipeline.uasset" 8
"../../../Engine/Plugins/Interchange/Runtime/Content/Pipelines/DefaultMaterialPipeline.uexp" 9
"../../../Engine/Plugins/Interchange/Runtime/Content/Pipelines/DefaultGLTFSceneAssetsPipeline.uasset" 10
"../../../Engine/Plugins/Interchange/Runtime/Content/Pipelines/DefaultGLTFSceneAssetsPipeline.uexp" 11
"../../../Engine/Plugins/Interchange/Runtime/Content/Pipelines/DefaultGLTFPipeline.uasset" 12
"../../../Engine/Plugins/Interchange/Runtime/Content/Pipelines/DefaultGLTFPipeline.uexp" 13
"../../../Engine/Plugins/Interchange/Runtime/Content/Pipelines/DefaultGLTFAssetsPipeline.uasset" 14
"../../../Engine/Plugins/Interchange/Runtime/Content/Pipelines/DefaultGLTFAssetsPipeline.uexp" 15
"../../../Engine/Plugins/Interchange/Runtime/Content/Pipelines/DefaultAssetsPipeline.uasset" 16
"../../../Engine/Plugins/Interchange/Runtime/Content/Pipelines/DefaultAssetsPipeline.uexp" 17
"../../../Engine/Plugins/Experimental/Water/Content/Waves/GerstnerWaves_Ocean.uasset" 18
"../../../Engine/Plugins/Experimental/Water/Content/Waves/GerstnerWaves_Ocean.uexp" 19
"../../../Engine/Plugins/Animation/ControlRig/Content/Controls/DefaultGizmoLibraryNormalized.uasset" 20
"../../../Engine/Plugins/Animation/ControlRig/Content/Controls/DefaultGizmoLibraryNormalized.uexp" 21
"../../../Engine/Plugins/2D/Paper2D/Content/PlaceholderTextures/DummySpriteTexture.ubulk" 22
"../../../Engine/Plugins/2D/Paper2D/Content/PlaceholderTextures/DummySpriteTexture.uasset" 23
"../../../Engine/Plugins/2D/Paper2D/Content/PlaceholderTextures/DummySpriteTexture.uexp" 24
"../../../Engine/Plugins/2D/Paper2D/Content/DummySprite.uasset" 25
"../../../Engine/Plugins/2D/Paper2D/Content/DummySprite.uexp" 26
"../../../Engine/Plugins/2D/Paper2D/Content/DefaultPaperTerrainMaterial.uasset" 27
"../../../Engine/Plugins/2D/Paper2D/Content/DefaultPaperTerrainMaterial.uexp" 28
"../../../Engine/Content/MobileResources/HUD/VirtualJoystick_Background.uasset" 29
"../../../Engine/Content/MobileResources/HUD/VirtualJoystick_Background.uexp" 30
"../../../Engine/Content/MobileResources/HUD/VirtualJoystick_Thumb.uasset" 31
"../../../Engine/Content/MobileResources/HUD/VirtualJoystick_Thumb.uexp" 32
"../../../Engine/Content/MobileResources/HUD/DefaultVirtualJoysticks.uasset" 33
"../../../Engine/Content/MobileResources/HUD/DefaultVirtualJoysticks.uexp" 34
"../../../Engine/Content/EngineSounds/Master.uasset" 35
"../../../Engine/Content/EngineSounds/Master.uexp" 36
"../../../Engine/Content/EngineFonts/Faces/RobotoLight.uexp" 37
"../../../Engine/Content/EngineFonts/Faces/RobotoLight.uasset" 38
"../../../Engine/Content/EngineFonts/Faces/RobotoLight.ufont" 39
"../../../Engine/Content/EngineFonts/Faces/RobotoBold.uexp" 40
"../../../Engine/Content/EngineFonts/Faces/RobotoBold.uasset" 41
"../../../Engine/Content/EngineFonts/Faces/RobotoBold.ufont" 42
"../../../Engine/Content/EngineFonts/Faces/RobotoRegular.uexp" 43
"../../../Engine/Content/EngineFonts/Faces/RobotoRegular.uasset" 44
"../../../Engine/Content/EngineFonts/Faces/RobotoRegular.ufont" 45
"../../../Engine/Content/EngineFonts/Faces/DroidSansFallback.uexp" 46
"../../../Engine/Content/EngineFonts/Faces/DroidSansFallback.uasset" 47
"../../../Engine/Content/EngineFonts/Faces/DroidSansFallback.ufont" 48
"../../../Engine/Content/EngineFonts/Faces/RobotoItalic.uexp" 49
"../../../Engine/Content/EngineFonts/Faces/RobotoItalic.uasset" 50
"../../../Engine/Content/EngineFonts/Faces/RobotoItalic.ufont" 51
"../../../Engine/Content/EngineFonts/Faces/RobotoBoldItalic.uexp" 52
"../../../Engine/Content/EngineFonts/Faces/RobotoBoldItalic.uasset" 53
"../../../Engine/Content/EngineFonts/Faces/RobotoBoldItalic.ufont" 54
"../../../Engine/Content/EngineFonts/Roboto.uasset" 55
"../../../Engine/Content/EngineFonts/Roboto.uexp" 56
"../../../Engine/Content/EngineFonts/Faces/DroidSansMono.uexp" 57
"../../../Engine/Content/EngineFonts/Faces/DroidSansMono.uasset" 58
"../../../Engine/Content/EngineFonts/Faces/DroidSansMono.ufont" 59
"../../../Engine/Content/EngineFonts/DroidSansMono.uasset" 60
"../../../Engine/Content/EngineFonts/DroidSansMono.uexp" 61
"../../../Engine/Content/Animation/DefaultRecorderBoneCompression.uasset" 62
"../../../Engine/Content/Animation/DefaultRecorderBoneCompression.uexp" 63
"../../../Engine/Content/EditorResources/S_Actor.ubulk" 64
"../../../Engine/Content/EditorResources/S_Actor.uasset" 65
"../../../Engine/Content/EditorResources/S_Actor.uexp" 66
"../../../Engine/Content/EditorResources/S_BoxReflectionCapture.uasset" 67
"../../../Engine/Content/EditorResources/S_BoxReflectionCapture.uexp" 68
"../../../Engine/Plugins/Runtime/AudioWidgets/Content/Resources/ScrubHandleDown_Clamped.uasset" 69
"../../../Engine/Plugins/Runtime/AudioWidgets/Content/Resources/ScrubHandleDown_Clamped.uexp" 70
"../../../Engine/Content/EngineResources/DefaultTextureCube.uasset" 71
"../../../Engine/Content/EngineResources/DefaultTextureCube.uexp" 72
"../../../Engine/Plugins/Experimental/Water/Content/Icons/WaterZoneActorSprite.ubulk" 73
"../../../Engine/Plugins/Experimental/Water/Content/Icons/WaterZoneActorSprite.uasset" 74
"../../../Engine/Plugins/Experimental/Water/Content/Icons/WaterZoneActorSprite.uexp" 75
"../../../Engine/Plugins/Experimental/Water/Content/Icons/WaterSprite.uasset" 76
"../../../Engine/Plugins/Experimental/Water/Content/Icons/WaterSprite.uexp" 77
"../../../Engine/Plugins/Experimental/Water/Content/Icons/WaterLandscapeBrushSprite.ubulk" 78
"../../../Engine/Plugins/Experimental/Water/Content/Icons/WaterLandscapeBrushSprite.uasset" 79
"../../../Engine/Plugins/Experimental/Water/Content/Icons/WaterLandscapeBrushSprite.uexp" 80
"../../../Engine/Plugins/Experimental/Water/Content/Icons/WaterErrorSprite.ubulk" 81
"../../../Engine/Plugins/Experimental/Water/Content/Icons/WaterErrorSprite.uasset" 82
"../../../Engine/Plugins/Experimental/Water/Content/Icons/WaterErrorSprite.uexp" 83
"../../../Engine/Plugins/Experimental/Water/Content/Icons/WaterBodyIslandSprite.uasset" 84
"../../../Engine/Plugins/Experimental/Water/Content/Icons/WaterBodyIslandSprite.uexp" 85
"../../../Engine/Plugins/Experimental/Water/Content/Icons/WaterBodyExclusionVolumeSprite.uasset" 86
"../../../Engine/Plugins/Experimental/Water/Content/Icons/WaterBodyExclusionVolumeSprite.uexp" 87
"../../../Engine/Content/EngineResources/DefaultVolumeTexture2D.uasset" 88
"../../../Engine/Content/EngineResources/DefaultVolumeTexture2D.uexp" 89
"../../../Engine/Content/EngineResources/DefaultVolumeTexture.uasset" 90
"../../../Engine/Content/EngineResources/DefaultVolumeTexture.uexp" 91
"../../../Engine/Content/EngineResources/GradientTexture0.uasset" 92
"../../../Engine/Content/EngineResources/GradientTexture0.uexp" 93
"../../../Engine/Content/EngineResources/FilmGrains/Marcie_Grain_v3_128_M2_000.uasset" 94
"../../../Engine/Content/EngineResources/FilmGrains/Marcie_Grain_v3_128_M2_000.uexp" 95
"../../../Engine/Content/EngineMaterials/PreintegratedSkinBRDF.uasset" 96
"../../../Engine/Content/EngineMaterials/PreintegratedSkinBRDF.uexp" 97
"../../../Engine/Content/EngineMaterials/MiniFont.uasset" 98
"../../../Engine/Content/EngineMaterials/MiniFont.uexp" 99
"../../../Engine/Content/EngineMaterials/FastBlueNoise_vec2_128x128x64.uasset" 100
"../../../Engine/Content/EngineMaterials/FastBlueNoise_vec2_128x128x64.uexp" 101
"../../../Engine/Content/EngineMaterials/FastBlueNoise_scalar_128x128x64.uasset" 102
"../../../Engine/Content/EngineMaterials/FastBlueNoise_scalar_128x128x64.uexp" 103
"../../../Engine/Content/EngineMaterials/DefaultWhiteGrid.ubulk" 104
"../../../Engine/Content/EngineMaterials/DefaultWhiteGrid.uasset" 105
"../../../Engine/Content/EngineMaterials/DefaultWhiteGrid.uexp" 106
"../../../Engine/Content/EngineMaterials/DefaultBokeh.uasset" 107
"../../../Engine/Content/EngineMaterials/DefaultBokeh.uexp" 108
"../../../Engine/Content/EngineMaterials/DefaultBloomKernel.uasset" 109
"../../../Engine/Content/EngineMaterials/DefaultBloomKernel.uexp" 110
"../../../Engine/Content/EngineMaterials/LTC/Sheen_LTC.uasset" 111
"../../../Engine/Content/EngineMaterials/LTC/Sheen_LTC.uexp" 112
"../../../Engine/Content/EngineMaterials/LTC/GGX_LTCMat.uasset" 113
"../../../Engine/Content/EngineMaterials/LTC/GGX_LTCMat.uexp" 114
"../../../Engine/Content/EngineMaterials/LTC/GGX_LTCAmp.uasset" 115
"../../../Engine/Content/EngineMaterials/LTC/GGX_LTCAmp.uexp" 116
"../../../Engine/Content/EngineMaterials/EnergyConservation/Sheen_Energy.uasset" 117
"../../../Engine/Content/EngineMaterials/EnergyConservation/Sheen_Energy.uexp" 118
"../../../Engine/Content/EngineMaterials/EnergyConservation/SheenLegacy_Energy.uasset" 119
"../../../Engine/Content/EngineMaterials/EnergyConservation/SheenLegacy_Energy.uexp" 120
"../../../Engine/Content/EngineMaterials/EnergyConservation/GGX_TransmissionEnergyArray.uasset" 121
"../../../Engine/Content/EngineMaterials/EnergyConservation/GGX_TransmissionEnergyArray.uexp" 122
"../../../Engine/Content/EngineMaterials/EnergyConservation/GGX_ReflectionEnergy.uasset" 123
"../../../Engine/Content/EngineMaterials/EnergyConservation/GGX_ReflectionEnergy.uexp" 124
"../../../Engine/Content/EngineMaterials/EnergyConservation/Diffuse_Energy.uasset" 125
"../../../Engine/Content/EngineMaterials/EnergyConservation/Diffuse_Energy.uexp" 126
"../../../Engine/Content/EngineDamageTypes/DmgTypeBP_Environmental.uasset" 127
"../../../Engine/Content/EngineDamageTypes/DmgTypeBP_Environmental.uexp" 128
"../../../Engine/Content/EditorResources/S_TriggerSphere.uasset" 129
"../../../Engine/Content/EditorResources/S_TriggerSphere.uexp" 130
"../../../Engine/Content/EditorResources/S_TriggerCapsule.uasset" 131
"../../../Engine/Content/EditorResources/S_TriggerCapsule.uexp" 132
"../../../Engine/Content/EditorResources/S_TriggerBox.uasset" 133
"../../../Engine/Content/EditorResources/S_TriggerBox.uexp" 134
"../../../Engine/Content/EditorResources/S_Trigger.ubulk" 135
"../../../Engine/Content/EditorResources/S_Trigger.uasset" 136
"../../../Engine/Content/EditorResources/S_Trigger.uexp" 137
"../../../Engine/Content/EditorResources/S_Solver.ubulk" 138
"../../../Engine/Content/EditorResources/S_Solver.uasset" 139
"../../../Engine/Content/EditorResources/S_Solver.uexp" 140
"../../../Engine/Content/EditorResources/EmptyActor.uasset" 141
"../../../Engine/Content/EditorResources/EmptyActor.uexp" 142
"../../../Engine/Content/EditorResources/BSPVertex.uasset" 143
"../../../Engine/Content/EditorResources/BSPVertex.uexp" 144
"../../../Engine/Content/EditorResources/SequenceRecorder/RecordingIndicator.uasset" 145
"../../../Engine/Content/EditorResources/SequenceRecorder/RecordingIndicator.uexp" 146
"../../../Engine/Content/EditorResources/SequenceRecorder/Countdown.uasset" 147
"../../../Engine/Content/EditorResources/SequenceRecorder/Countdown.uexp" 148
"../../../Engine/Content/EditorMaterials/ParticleSystems/PSysThumbnail_OOD.ubulk" 149
"../../../Engine/Content/EditorMaterials/ParticleSystems/PSysThumbnail_OOD.uasset" 150
"../../../Engine/Content/EditorMaterials/ParticleSystems/PSysThumbnail_OOD.uexp" 151
"../../../Engine/Content/EditorMaterials/ParticleSystems/PSysThumbnail_NoImage.ubulk" 152
"../../../Engine/Content/EditorMaterials/ParticleSystems/PSysThumbnail_NoImage.uasset" 153
"../../../Engine/Content/EditorMaterials/ParticleSystems/PSysThumbnail_NoImage.uexp" 154
"../../../Engine/Content/EditorLandscapeResources/DefaultAlphaTexture.uasset" 155
"../../../Engine/Content/EditorLandscapeResources/DefaultAlphaTexture.uexp" 156
"../../../Engine/Content/Functions/Engine_MaterialFunctions01/Shading/PowerToRoughness.uasset" 157
"../../../Engine/Content/Functions/Engine_MaterialFunctions01/Shading/PowerToRoughness.uexp" 158
"../../../Engine/Content/Functions/Engine_MaterialFunctions01/Shading/ConvertFromDiffSpec.uasset" 159
"../../../Engine/Content/Functions/Engine_MaterialFunctions01/Shading/ConvertFromDiffSpec.uexp" 160
"../../../Engine/Content/EngineMaterials/Substrate/Volume/SubstrateSimpleVolumeLUT3D.uasset" 161
"../../../Engine/Content/EngineMaterials/Substrate/Volume/SubstrateSimpleVolumeLUT3D.uexp" 162
"../../../Engine/Content/EngineMaterials/Substrate/Volume/SubstrateSimpleVolumeEnvLUT3D.uasset" 163
"../../../Engine/Content/EngineMaterials/Substrate/Volume/SubstrateSimpleVolumeEnvLUT3D.uexp" 164
"C:/Users/luisp/Documents/Projetos/Unreal Engine/EbacProject/Content/Blueprints/Tools/BP_SplineTool.uasset" 165
"C:/Users/luisp/Documents/Projetos/Unreal Engine/EbacProject/Content/Blueprints/Tools/BP_SplineTool.uexp" 166
"C:/Users/luisp/Documents/Projetos/Unreal Engine/EbacProject/Content/StarterContent/Textures/T_Frame_M.ubulk" 167
"C:/Users/luisp/Documents/Projetos/Unreal Engine/EbacProject/Content/StarterContent/Textures/T_Frame_M.uasset" 168
"C:/Users/luisp/Documents/Projetos/Unreal Engine/EbacProject/Content/StarterContent/Textures/T_Frame_M.uexp" 169
"C:/Users/luisp/Documents/Projetos/Unreal Engine/EbacProject/Content/StarterContent/Textures/T_Frame_N.ubulk" 170
"C:/Users/luisp/Documents/Projetos/Unreal Engine/EbacProject/Content/StarterContent/Textures/T_Frame_N.uasset" 171
"C:/Users/luisp/Documents/Projetos/Unreal Engine/EbacProject/Content/StarterContent/Textures/T_Frame_N.uexp" 172
"C:/Users/luisp/Documents/Projetos/Unreal Engine/EbacProject/Content/StarterContent/Props/Materials/M_Frame.uasset" 173
"C:/Users/luisp/Documents/Projetos/Unreal Engine/EbacProject/Content/StarterContent/Props/Materials/M_Frame.uexp" 174
"C:/Users/luisp/Documents/Projetos/Unreal Engine/EbacProject/Content/StarterContent/Props/SM_PillarFrame300.ubulk" 175
"C:/Users/luisp/Documents/Projetos/Unreal Engine/EbacProject/Content/StarterContent/Props/SM_PillarFrame300.uasset" 176
"C:/Users/luisp/Documents/Projetos/Unreal Engine/EbacProject/Content/StarterContent/Props/SM_PillarFrame300.uexp" 177
"C:/Users/luisp/Documents/Projetos/Unreal Engine/EbacProject/Content/StarterContent/Textures/T_Chair_N.ubulk" 178
"C:/Users/luisp/Documents/Projetos/Unreal Engine/EbacProject/Content/StarterContent/Textures/T_Chair_N.uasset" 179
"C:/Users/luisp/Documents/Projetos/Unreal Engine/EbacProject/Content/StarterContent/Textures/T_Chair_N.uexp" 180
"C:/Users/luisp/Documents/Projetos/Unreal Engine/EbacProject/Content/StarterContent/Textures/T_Chair_M.ubulk" 181
"C:/Users/luisp/Documents/Projetos/Unreal Engine/EbacProject/Content/StarterContent/Textures/T_Chair_M.uasset" 182
"C:/Users/luisp/Documents/Projetos/Unreal Engine/EbacProject/Content/StarterContent/Textures/T_Chair_M.uexp" 183
"C:/Users/luisp/Documents/Projetos/Unreal Engine/EbacProject/Content/StarterContent/Props/Materials/M_Chair.uasset" 184
"C:/Users/luisp/Documents/Projetos/Unreal Engine/EbacProject/Content/StarterContent/Props/Materials/M_Chair.uexp" 185
"C:/Users/luisp/Documents/Projetos/Unreal Engine/EbacProject/Content/StarterContent/Props/SM_Chair.ubulk" 186
"C:/Users/luisp/Documents/Projetos/Unreal Engine/EbacProject/Content/StarterContent/Props/SM_Chair.uasset" 187
"C:/Users/luisp/Documents/Projetos/Unreal Engine/EbacProject/Content/StarterContent/Props/SM_Chair.uexp" 188
"C:/Users/luisp/Documents/Projetos/Unreal Engine/EbacProject/Content/StarterContent/Textures/T_Burst_M.ubulk" 189
"C:/Users/luisp/Documents/Projetos/Unreal Engine/EbacProject/Content/StarterContent/Textures/T_Burst_M.uasset" 190
"C:/Users/luisp/Documents/Projetos/Unreal Engine/EbacProject/Content/StarterContent/Textures/T_Burst_M.uexp" 191
"C:/Users/luisp/Documents/Projetos/Unreal Engine/EbacProject/Content/Blueprints/GameDesign/ItemType.uasset" 192
"C:/Users/luisp/Documents/Projetos/Unreal Engine/EbacProject/Content/Blueprints/GameDesign/ItemType.uexp" 193
"C:/Users/luisp/Documents/Projetos/Unreal Engine/EbacProject/Content/Blueprints/GameDesign/S_Item.uasset" 194
"C:/Users/luisp/Documents/Projetos/Unreal Engine/EbacProject/Content/Blueprints/GameDesign/S_Item.uexp" 195
"C:/Users/luisp/Documents/Projetos/Unreal Engine/EbacProject/Content/Characters/Mannequins/Textures/Shared/T_UE_Logo_M.uasset" 196
"C:/Users/luisp/Documents/Projetos/Unreal Engine/EbacProject/Content/Characters/Mannequins/Textures/Shared/T_UE_Logo_M.uexp" 197
"C:/Users/luisp/Documents/Projetos/Unreal Engine/EbacProject/Content/StarterContent/Textures/T_Bush_N.ubulk" 198
"C:/Users/luisp/Documents/Projetos/Unreal Engine/EbacProject/Content/StarterContent/Textures/T_Bush_N.uasset" 199
"C:/Users/luisp/Documents/Projetos/Unreal Engine/EbacProject/Content/StarterContent/Textures/T_Bush_N.uexp" 200
"C:/Users/luisp/Documents/Projetos/Unreal Engine/EbacProject/Content/StarterContent/Textures/T_Bush_D.ubulk" 201
"C:/Users/luisp/Documents/Projetos/Unreal Engine/EbacProject/Content/StarterContent/Textures/T_Bush_D.uasset" 202
"C:/Users/luisp/Documents/Projetos/Unreal Engine/EbacProject/Content/StarterContent/Textures/T_Bush_D.uexp" 203
"C:/Users/luisp/Documents/Projetos/Unreal Engine/EbacProject/Content/StarterContent/Props/Materials/M_Bush.uasset" 204
"C:/Users/luisp/Documents/Projetos/Unreal Engine/EbacProject/Content/StarterContent/Props/Materials/M_Bush.uexp" 205
"C:/Users/luisp/Documents/Projetos/Unreal Engine/EbacProject/Content/StarterContent/Props/SM_Bush.ubulk" 206
"C:/Users/luisp/Documents/Projetos/Unreal Engine/EbacProject/Content/StarterContent/Props/SM_Bush.uasset" 207
"C:/Users/luisp/Documents/Projetos/Unreal Engine/EbacProject/Content/StarterContent/Props/SM_Bush.uexp" 208
"C:/Users/luisp/Documents/Projetos/Unreal Engine/EbacProject/Content/Blueprints/GameDesign/Items_DT.uasset" 209
"C:/Users/luisp/Documents/Projetos/Unreal Engine/EbacProject/Content/Blueprints/GameDesign/Items_DT.uexp" 210
"C:/Users/luisp/Documents/Projetos/Unreal Engine/EbacProject/Content/HUD/W_HealthBar.uasset" 211
"C:/Users/luisp/Documents/Projetos/Unreal Engine/EbacProject/Content/HUD/W_HealthBar.uexp" 212
"C:/Users/luisp/Documents/Projetos/Unreal Engine/EbacProject/Content/Blueprints/Inputs/StatsOpen.uasset" 213
"C:/Users/luisp/Documents/Projetos/Unreal Engine/EbacProject/Content/Blueprints/Inputs/StatsOpen.uexp" 214
"C:/Users/luisp/Documents/Projetos/Unreal Engine/EbacProject/Content/Blueprints/Inputs/InventoryOpen.uasset" 215
"C:/Users/luisp/Documents/Projetos/Unreal Engine/EbacProject/Content/Blueprints/Inputs/InventoryOpen.uexp" 216
"C:/Users/luisp/Documents/Projetos/Unreal Engine/EbacProject/Content/Blueprints/Inputs/RPG_Context.uasset" 217
"C:/Users/luisp/Documents/Projetos/Unreal Engine/EbacProject/Content/Blueprints/Inputs/RPG_Context.uexp" 218
"C:/Users/luisp/Documents/Projetos/Unreal Engine/EbacProject/Content/Audio/Hit1.ubulk" 219
"C:/Users/luisp/Documents/Projetos/Unreal Engine/EbacProject/Content/Audio/Hit1.uasset" 220
"C:/Users/luisp/Documents/Projetos/Unreal Engine/EbacProject/Content/Audio/Hit1.uexp" 221
"C:/Users/luisp/Documents/Projetos/Unreal Engine/EbacProject/Content/Audio/Hit1_Cue.uasset" 222
"C:/Users/luisp/Documents/Projetos/Unreal Engine/EbacProject/Content/Audio/Hit1_Cue.uexp" 223
"../../../Engine/Plugins/Animation/ACLPlugin/Content/ACLAnimBoneCompressionSettings.uasset" 224
"../../../Engine/Plugins/Animation/ACLPlugin/Content/ACLAnimBoneCompressionSettings.uexp" 225
"../../../Engine/Content/Animation/DefaultVariableFrameStrippingSettings.uasset" 226
"../../../Engine/Content/Animation/DefaultVariableFrameStrippingSettings.uexp" 227
"C:/Users/luisp/Documents/Projetos/Unreal Engine/EbacProject/Content/Characters/Mannequins/Meshes/SK_Mannequin.uasset" 228
"C:/Users/luisp/Documents/Projetos/Unreal Engine/EbacProject/Content/Characters/Mannequins/Meshes/SK_Mannequin.uexp" 229
"../../../Engine/Plugins/Animation/ACLPlugin/Content/ACLAnimCurveCompressionSettings.uasset" 230
"../../../Engine/Plugins/Animation/ACLPlugin/Content/ACLAnimCurveCompressionSettings.uexp" 231
"C:/Users/luisp/Documents/Projetos/Unreal Engine/EbacProject/Content/Mixamo/Mix_Body_Block.uasset" 232
"C:/Users/luisp/Documents/Projetos/Unreal Engine/EbacProject/Content/Mixamo/Mix_Body_Block.uexp" 233
"../../../Engine/Content/Animation/DefaultAnimCurveCompressionSettings.uasset" 234
"../../../Engine/Content/Animation/DefaultAnimCurveCompressionSettings.uexp" 235
"../../../Engine/Content/Animation/DefaultAnimBoneCompressionSettings.uasset" 236
"../../../Engine/Content/Animation/DefaultAnimBoneCompressionSettings.uexp" 237
"C:/Users/luisp/Documents/Projetos/Unreal Engine/EbacProject/Content/Characters/Mannequins/Animations/Manny/MM_Fall_Loop.uasset" 238
"C:/Users/luisp/Documents/Projetos/Unreal Engine/EbacProject/Content/Characters/Mannequins/Animations/Manny/MM_Fall_Loop.uexp" 239
"C:/Users/luisp/Documents/Projetos/Unreal Engine/EbacProject/Content/Characters/Mannequins/Animations/Quinn/MF_Run_Fwd.uasset" 240
"C:/Users/luisp/Documents/Projetos/Unreal Engine/EbacProject/Content/Characters/Mannequins/Animations/Quinn/MF_Run_Fwd.uexp" 241
"C:/Users/luisp/Documents/Projetos/Unreal Engine/EbacProject/Content/Characters/Mannequins/Animations/Manny/MM_Walk_Fwd.uasset" 242
"C:/Users/luisp/Documents/Projetos/Unreal Engine/EbacProject/Content/Characters/Mannequins/Animations/Manny/MM_Walk_Fwd.uexp" 243
"C:/Users/luisp/Documents/Projetos/Unreal Engine/EbacProject/Content/Characters/Mannequins/Animations/Manny/MM_Idle.uasset" 244
"C:/Users/luisp/Documents/Projetos/Unreal Engine/EbacProject/Content/Characters/Mannequins/Animations/Manny/MM_Idle.uexp" 245
"C:/Users/luisp/Documents/Projetos/Unreal Engine/EbacProject/Content/Characters/Mannequins/Animations/IdleRun.uasset" 246
"C:/Users/luisp/Documents/Projetos/Unreal Engine/EbacProject/Content/Characters/Mannequins/Animations/IdleRun.uexp" 247
"C:/Users/luisp/Documents/Projetos/Unreal Engine/EbacProject/Content/Mixamo/Mix_Punching_Anim.uasset" 248
"C:/Users/luisp/Documents/Projetos/Unreal Engine/EbacProject/Content/Mixamo/Mix_Punching_Anim.uexp" 249
"C:/Users/luisp/Documents/Projetos/Unreal Engine/EbacProject/Content/Mixamo/Mix_Kicking.uasset" 250
"C:/Users/luisp/Documents/Projetos/Unreal Engine/EbacProject/Content/Mixamo/Mix_Kicking.uexp" 251
"C:/Users/luisp/Documents/Projetos/Unreal Engine/EbacProject/Content/Characters/Mannequins/Animations/ABP_Enemy.uasset" 252
"C:/Users/luisp/Documents/Projetos/Unreal Engine/EbacProject/Content/Characters/Mannequins/Animations/ABP_Enemy.uexp" 253
"C:/Users/luisp/Documents/Projetos/Unreal Engine/EbacProject/Content/Blueprints/MyAI/AlertState_Enum.uasset" 254
"C:/Users/luisp/Documents/Projetos/Unreal Engine/EbacProject/Content/Blueprints/MyAI/AlertState_Enum.uexp" 255
"C:/Users/luisp/Documents/Projetos/Unreal Engine/EbacProject/Content/Blueprints/MyAI/NewEnvQuery.uasset" 256
"C:/Users/luisp/Documents/Projetos/Unreal Engine/EbacProject/Content/Blueprints/MyAI/NewEnvQuery.uexp" 257
"C:/Users/luisp/Documents/Projetos/Unreal Engine/EbacProject/Content/Blueprints/MyAI/Tasks/BTTask_MoveToPlayer.uasset" 258
"C:/Users/luisp/Documents/Projetos/Unreal Engine/EbacProject/Content/Blueprints/MyAI/Tasks/BTTask_MoveToPlayer.uexp" 259
"C:/Users/luisp/Documents/Projetos/Unreal Engine/EbacProject/Content/Blueprints/MyAI/Tasks/BTTask_MoveToLocation.uasset" 260
"C:/Users/luisp/Documents/Projetos/Unreal Engine/EbacProject/Content/Blueprints/MyAI/Tasks/BTTask_MoveToLocation.uexp" 261
"C:/Users/luisp/Documents/Projetos/Unreal Engine/EbacProject/Content/Blueprints/MyAI/Tasks/BTTask_PatrolLocation.uasset" 262
"C:/Users/luisp/Documents/Projetos/Unreal Engine/EbacProject/Content/Blueprints/MyAI/Tasks/BTTask_PatrolLocation.uexp" 263
"C:/Users/luisp/Documents/Projetos/Unreal Engine/EbacProject/Content/Blueprints/MyAI/Tasks/BTTask_ProximityCheckPlayer.uasset" 264
"C:/Users/luisp/Documents/Projetos/Unreal Engine/EbacProject/Content/Blueprints/MyAI/Tasks/BTTask_ProximityCheckPlayer.uexp" 265
"C:/Users/luisp/Documents/Projetos/Unreal Engine/EbacProject/Content/Blueprints/MyAI/BaseEnemy_BB.uasset" 266
"C:/Users/luisp/Documents/Projetos/Unreal Engine/EbacProject/Content/Blueprints/MyAI/BaseEnemy_BB.uexp" 267
"C:/Users/luisp/Documents/Projetos/Unreal Engine/EbacProject/Content/Blueprints/MyAI/Tasks/BTTask_AlertDown.uasset" 268
"C:/Users/luisp/Documents/Projetos/Unreal Engine/EbacProject/Content/Blueprints/MyAI/Tasks/BTTask_AlertDown.uexp" 269
"C:/Users/luisp/Documents/Projetos/Unreal Engine/EbacProject/Content/Blueprints/MyAI/Tasks/BTTask_Attack.uasset" 270
"C:/Users/luisp/Documents/Projetos/Unreal Engine/EbacProject/Content/Blueprints/MyAI/Tasks/BTTask_Attack.uexp" 271
"C:/Users/luisp/Documents/Projetos/Unreal Engine/EbacProject/Content/Blueprints/MyAI/Tasks/BTTask_FindPlayer.uasset" 272
"C:/Users/luisp/Documents/Projetos/Unreal Engine/EbacProject/Content/Blueprints/MyAI/Tasks/BTTask_FindPlayer.uexp" 273
"C:/Users/luisp/Documents/Projetos/Unreal Engine/EbacProject/Content/Blueprints/MyAI/Decorators/BTDecorator_AlertStateCheck.uasset" 274
"C:/Users/luisp/Documents/Projetos/Unreal Engine/EbacProject/Content/Blueprints/MyAI/Decorators/BTDecorator_AlertStateCheck.uexp" 275
"C:/Users/luisp/Documents/Projetos/Unreal Engine/EbacProject/Content/Blueprints/MyAI/BaseEnemy_BH.uasset" 276
"C:/Users/luisp/Documents/Projetos/Unreal Engine/EbacProject/Content/Blueprints/MyAI/BaseEnemy_BH.uexp" 277
"C:/Users/luisp/Documents/Projetos/Unreal Engine/EbacProject/Content/Blueprints/MyAI/MyAIController.uasset" 278
"C:/Users/luisp/Documents/Projetos/Unreal Engine/EbacProject/Content/Blueprints/MyAI/MyAIController.uexp" 279
"C:/Users/luisp/Documents/Projetos/Unreal Engine/EbacProject/Content/Blueprints/CoreGameplay/S_Stats.uasset" 280
"C:/Users/luisp/Documents/Projetos/Unreal Engine/EbacProject/Content/Blueprints/CoreGameplay/S_Stats.uexp" 281
"C:/Users/luisp/Documents/Projetos/Unreal Engine/EbacProject/Content/Audio/Enemy_Death.ubulk" 282
"C:/Users/luisp/Documents/Projetos/Unreal Engine/EbacProject/Content/Audio/Enemy_Death.uasset" 283
"C:/Users/luisp/Documents/Projetos/Unreal Engine/EbacProject/Content/Audio/Enemy_Death.uexp" 284
"C:/Users/luisp/Documents/Projetos/Unreal Engine/EbacProject/Content/Audio/Enemy_Death_Cue.uasset" 285
"C:/Users/luisp/Documents/Projetos/Unreal Engine/EbacProject/Content/Audio/Enemy_Death_Cue.uexp" 286
"C:/Users/luisp/Documents/Projetos/Unreal Engine/EbacProject/Content/Blueprints/CoreGameplay/BP_EnemyEntity.uasset" 287
"C:/Users/luisp/Documents/Projetos/Unreal Engine/EbacProject/Content/Blueprints/CoreGameplay/BP_EnemyEntity.uexp" 288
"C:/Users/luisp/Documents/Projetos/Unreal Engine/EbacProject/Content/Characters/Mannequins/Textures/Quinn/T_Quinn_02ID_MSR_MSK.ubulk" 289
"C:/Users/luisp/Documents/Projetos/Unreal Engine/EbacProject/Content/Characters/Mannequins/Textures/Quinn/T_Quinn_02ID_MSR_MSK.uasset" 290
"C:/Users/luisp/Documents/Projetos/Unreal Engine/EbacProject/Content/Characters/Mannequins/Textures/Quinn/T_Quinn_02ID_MSR_MSK.uexp" 291
"C:/Users/luisp/Documents/Projetos/Unreal Engine/EbacProject/Content/Characters/Mannequins/Textures/Quinn/T_Quinn_02ID_BN.ubulk" 292
"C:/Users/luisp/Documents/Projetos/Unreal Engine/EbacProject/Content/Characters/Mannequins/Textures/Quinn/T_Quinn_02ID_BN.uasset" 293
"C:/Users/luisp/Documents/Projetos/Unreal Engine/EbacProject/Content/Characters/Mannequins/Textures/Quinn/T_Quinn_02ID_BN.uexp" 294
"C:/Users/luisp/Documents/Projetos/Unreal Engine/EbacProject/Content/Characters/Mannequins/Textures/Quinn/T_Quinn_02_ASAOMASK_MSK.ubulk" 295
"C:/Users/luisp/Documents/Projetos/Unreal Engine/EbacProject/Content/Characters/Mannequins/Textures/Quinn/T_Quinn_02_ASAOMASK_MSK.uasset" 296
"C:/Users/luisp/Documents/Projetos/Unreal Engine/EbacProject/Content/Characters/Mannequins/Textures/Quinn/T_Quinn_02_ASAOMASK_MSK.uexp" 297
"C:/Users/luisp/Documents/Projetos/Unreal Engine/EbacProject/Content/Characters/Mannequins/Textures/Quinn/T_Quinn_02_CCRCCPlastic_MSK.ubulk" 298
"C:/Users/luisp/Documents/Projetos/Unreal Engine/EbacProject/Content/Characters/Mannequins/Textures/Quinn/T_Quinn_02_CCRCCPlastic_MSK.uasset" 299
"C:/Users/luisp/Documents/Projetos/Unreal Engine/EbacProject/Content/Characters/Mannequins/Textures/Quinn/T_Quinn_02_CCRCCPlastic_MSK.uexp" 300
"C:/Users/luisp/Documents/Projetos/Unreal Engine/EbacProject/Content/Characters/Mannequins/Textures/Quinn/T_Quinn_02ID_Tan.ubulk" 301
"C:/Users/luisp/Documents/Projetos/Unreal Engine/EbacProject/Content/Characters/Mannequins/Textures/Quinn/T_Quinn_02ID_Tan.uasset" 302
"C:/Users/luisp/Documents/Projetos/Unreal Engine/EbacProject/Content/Characters/Mannequins/Textures/Quinn/T_Quinn_02ID_Tan.uexp" 303
"C:/Users/luisp/Documents/Projetos/Unreal Engine/EbacProject/Content/Characters/Mannequins/Textures/Quinn/T_Quinn_02ID_D.ubulk" 304
"C:/Users/luisp/Documents/Projetos/Unreal Engine/EbacProject/Content/Characters/Mannequins/Textures/Quinn/T_Quinn_02ID_D.uasset" 305
"C:/Users/luisp/Documents/Projetos/Unreal Engine/EbacProject/Content/Characters/Mannequins/Textures/Quinn/T_Quinn_02ID_D.uexp" 306
"C:/Users/luisp/Documents/Projetos/Unreal Engine/EbacProject/Content/Characters/Mannequins/Textures/Quinn/T_Quinn_01ID_MSR_MSK.ubulk" 307
"C:/Users/luisp/Documents/Projetos/Unreal Engine/EbacProject/Content/Characters/Mannequins/Textures/Quinn/T_Quinn_01ID_MSR_MSK.uasset" 308
"C:/Users/luisp/Documents/Projetos/Unreal Engine/EbacProject/Content/Characters/Mannequins/Textures/Quinn/T_Quinn_01ID_MSR_MSK.uexp" 309
"C:/Users/luisp/Documents/Projetos/Unreal Engine/EbacProject/Content/Characters/Mannequins/Materials/Functions/ChromaticCurve.uasset" 310
"C:/Users/luisp/Documents/Projetos/Unreal Engine/EbacProject/Content/Characters/Mannequins/Materials/Functions/ChromaticCurve.uexp" 311
"C:/Users/luisp/Documents/Projetos/Unreal Engine/EbacProject/Content/Characters/Mannequins/Materials/Functions/CA_Mannequin.uasset" 312
"C:/Users/luisp/Documents/Projetos/Unreal Engine/EbacProject/Content/Characters/Mannequins/Materials/Functions/CA_Mannequin.uexp" 313
"C:/Users/luisp/Documents/Projetos/Unreal Engine/EbacProject/Content/Characters/Mannequins/Materials/Functions/MF_Diffraction.uasset" 314
"C:/Users/luisp/Documents/Projetos/Unreal Engine/EbacProject/Content/Characters/Mannequins/Materials/Functions/MF_Diffraction.uexp" 315
"C:/Users/luisp/Documents/Projetos/Unreal Engine/EbacProject/Content/Characters/Mannequins/Textures/Manny/T_Manny_01_N.ubulk" 316
"C:/Users/luisp/Documents/Projetos/Unreal Engine/EbacProject/Content/Characters/Mannequins/Textures/Manny/T_Manny_01_N.uasset" 317
"C:/Users/luisp/Documents/Projetos/Unreal Engine/EbacProject/Content/Characters/Mannequins/Textures/Manny/T_Manny_01_N.uexp" 318
"C:/Users/luisp/Documents/Projetos/Unreal Engine/EbacProject/Content/Characters/Mannequins/Materials/Functions/ML_BaseColorFallOff.uasset" 319
"C:/Users/luisp/Documents/Projetos/Unreal Engine/EbacProject/Content/Characters/Mannequins/Materials/Functions/ML_BaseColorFallOff.uexp" 320
"../../../Engine/Content/Functions/Engine_MaterialFunctions02/Utility/BreakOutFloat2Components.uasset" 321
"../../../Engine/Content/Functions/Engine_MaterialFunctions02/Utility/BreakOutFloat2Components.uexp" 322
"../../../Engine/Content/Functions/Engine_MaterialFunctions01/Texturing/ScaleUVsByCenter.uasset" 323
"../../../Engine/Content/Functions/Engine_MaterialFunctions01/Texturing/ScaleUVsByCenter.uexp" 324
"C:/Users/luisp/Documents/Projetos/Unreal Engine/EbacProject/Content/Characters/Mannequins/Materials/Functions/MF_logo3layers.uasset" 325
"C:/Users/luisp/Documents/Projetos/Unreal Engine/EbacProject/Content/Characters/Mannequins/Materials/Functions/MF_logo3layers.uexp" 326
"C:/Users/luisp/Documents/Projetos/Unreal Engine/EbacProject/Content/Characters/Mannequins/Textures/Manny/T_Manny_01_CCRCCPlastic_MSK.ubulk" 327
"C:/Users/luisp/Documents/Projetos/Unreal Engine/EbacProject/Content/Characters/Mannequins/Textures/Manny/T_Manny_01_CCRCCPlastic_MSK.uasset" 328
"C:/Users/luisp/Documents/Projetos/Unreal Engine/EbacProject/Content/Characters/Mannequins/Textures/Manny/T_Manny_01_CCRCCPlastic_MSK.uexp" 329
"C:/Users/luisp/Documents/Projetos/Unreal Engine/EbacProject/Content/Characters/Mannequins/Textures/Manny/T_Manny_01_ASAOPMASK_MSK.ubulk" 330
"C:/Users/luisp/Documents/Projetos/Unreal Engine/EbacProject/Content/Characters/Mannequins/Textures/Manny/T_Manny_01_ASAOPMASK_MSK.uasset" 331
"C:/Users/luisp/Documents/Projetos/Unreal Engine/EbacProject/Content/Characters/Mannequins/Textures/Manny/T_Manny_01_ASAOPMASK_MSK.uexp" 332
"C:/Users/luisp/Documents/Projetos/Unreal Engine/EbacProject/Content/Characters/Mannequins/Textures/Manny/T_Manny_01_MSR_MSK.ubulk" 333
"C:/Users/luisp/Documents/Projetos/Unreal Engine/EbacProject/Content/Characters/Mannequins/Textures/Manny/T_Manny_01_MSR_MSK.uasset" 334
"C:/Users/luisp/Documents/Projetos/Unreal Engine/EbacProject/Content/Characters/Mannequins/Textures/Manny/T_Manny_01_MSR_MSK.uexp" 335
"C:/Users/luisp/Documents/Projetos/Unreal Engine/EbacProject/Content/Characters/Mannequins/Textures/Manny/T_Manny_01_BN.ubulk" 336
"C:/Users/luisp/Documents/Projetos/Unreal Engine/EbacProject/Content/Characters/Mannequins/Textures/Manny/T_Manny_01_BN.uasset" 337
"C:/Users/luisp/Documents/Projetos/Unreal Engine/EbacProject/Content/Characters/Mannequins/Textures/Manny/T_Manny_01_BN.uexp" 338
"C:/Users/luisp/Documents/Projetos/Unreal Engine/EbacProject/Content/Characters/Mannequins/Textures/Manny/T_Manny_01_D.ubulk" 339
"C:/Users/luisp/Documents/Projetos/Unreal Engine/EbacProject/Content/Characters/Mannequins/Textures/Manny/T_Manny_01_D.uasset" 340
"C:/Users/luisp/Documents/Projetos/Unreal Engine/EbacProject/Content/Characters/Mannequins/Textures/Manny/T_Manny_01_D.uexp" 341
"C:/Users/luisp/Documents/Projetos/Unreal Engine/EbacProject/Content/Characters/Mannequins/Textures/Manny/T_Manny_01_Tan.ubulk" 342
"C:/Users/luisp/Documents/Projetos/Unreal Engine/EbacProject/Content/Characters/Mannequins/Textures/Manny/T_Manny_01_Tan.uasset" 343
"C:/Users/luisp/Documents/Projetos/Unreal Engine/EbacProject/Content/Characters/Mannequins/Textures/Manny/T_Manny_01_Tan.uexp" 344
"C:/Users/luisp/Documents/Projetos/Unreal Engine/EbacProject/Content/Characters/Mannequins/Materials/M_Mannequin.uasset" 345
"C:/Users/luisp/Documents/Projetos/Unreal Engine/EbacProject/Content/Characters/Mannequins/Materials/M_Mannequin.uexp" 346
"C:/Users/luisp/Documents/Projetos/Unreal Engine/EbacProject/Content/Characters/Mannequins/Textures/Quinn/T_Quinn_01_ASAOMASK_MSK.ubulk" 347
"C:/Users/luisp/Documents/Projetos/Unreal Engine/EbacProject/Content/Characters/Mannequins/Textures/Quinn/T_Quinn_01_ASAOMASK_MSK.uasset" 348
"C:/Users/luisp/Documents/Projetos/Unreal Engine/EbacProject/Content/Characters/Mannequins/Textures/Quinn/T_Quinn_01_ASAOMASK_MSK.uexp" 349
"C:/Users/luisp/Documents/Projetos/Unreal Engine/EbacProject/Content/Characters/Mannequins/Textures/Quinn/T_Quinn_01ID_N.ubulk" 350
"C:/Users/luisp/Documents/Projetos/Unreal Engine/EbacProject/Content/Characters/Mannequins/Textures/Quinn/T_Quinn_01ID_N.uasset" 351
"C:/Users/luisp/Documents/Projetos/Unreal Engine/EbacProject/Content/Characters/Mannequins/Textures/Quinn/T_Quinn_01ID_N.uexp" 352
"C:/Users/luisp/Documents/Projetos/Unreal Engine/EbacProject/Content/Characters/Mannequins/Textures/Quinn/T_Quinn_01ID_BN.ubulk" 353
"C:/Users/luisp/Documents/Projetos/Unreal Engine/EbacProject/Content/Characters/Mannequins/Textures/Quinn/T_Quinn_01ID_BN.uasset" 354
"C:/Users/luisp/Documents/Projetos/Unreal Engine/EbacProject/Content/Characters/Mannequins/Textures/Quinn/T_Quinn_01ID_BN.uexp" 355
"C:/Users/luisp/Documents/Projetos/Unreal Engine/EbacProject/Content/Characters/Mannequins/Textures/Quinn/T_Quinn_01ID_D.ubulk" 356
"C:/Users/luisp/Documents/Projetos/Unreal Engine/EbacProject/Content/Characters/Mannequins/Textures/Quinn/T_Quinn_01ID_D.uasset" 357
"C:/Users/luisp/Documents/Projetos/Unreal Engine/EbacProject/Content/Characters/Mannequins/Textures/Quinn/T_Quinn_01ID_D.uexp" 358
"C:/Users/luisp/Documents/Projetos/Unreal Engine/EbacProject/Content/Characters/Mannequins/Textures/Quinn/T_Quinn_01ID_Tan.ubulk" 359
"C:/Users/luisp/Documents/Projetos/Unreal Engine/EbacProject/Content/Characters/Mannequins/Textures/Quinn/T_Quinn_01ID_Tan.uasset" 360
"C:/Users/luisp/Documents/Projetos/Unreal Engine/EbacProject/Content/Characters/Mannequins/Textures/Quinn/T_Quinn_01ID_Tan.uexp" 361
"C:/Users/luisp/Documents/Projetos/Unreal Engine/EbacProject/Content/Characters/Mannequins/Textures/Quinn/T_Quinn_01_CCRCCPlastic_MSK.ubulk" 362
"C:/Users/luisp/Documents/Projetos/Unreal Engine/EbacProject/Content/Characters/Mannequins/Textures/Quinn/T_Quinn_01_CCRCCPlastic_MSK.uasset" 363
"C:/Users/luisp/Documents/Projetos/Unreal Engine/EbacProject/Content/Characters/Mannequins/Textures/Quinn/T_Quinn_01_CCRCCPlastic_MSK.uexp" 364
"C:/Users/luisp/Documents/Projetos/Unreal Engine/EbacProject/Content/Characters/Mannequins/Materials/Instances/Quinn/MI_Quinn_01.uasset" 365
"C:/Users/luisp/Documents/Projetos/Unreal Engine/EbacProject/Content/Characters/Mannequins/Materials/Instances/Quinn/MI_Quinn_01.uexp" 366
"C:/Users/luisp/Documents/Projetos/Unreal Engine/EbacProject/Content/Characters/Mannequins/Textures/Quinn/T_Quinn_02ID_N.ubulk" 367
"C:/Users/luisp/Documents/Projetos/Unreal Engine/EbacProject/Content/Characters/Mannequins/Textures/Quinn/T_Quinn_02ID_N.uasset" 368
"C:/Users/luisp/Documents/Projetos/Unreal Engine/EbacProject/Content/Characters/Mannequins/Textures/Quinn/T_Quinn_02ID_N.uexp" 369
"C:/Users/luisp/Documents/Projetos/Unreal Engine/EbacProject/Content/Characters/Mannequins/Materials/Instances/Quinn/MI_Quinn_02.uasset" 370
"C:/Users/luisp/Documents/Projetos/Unreal Engine/EbacProject/Content/Characters/Mannequins/Materials/Instances/Quinn/MI_Quinn_02.uexp" 371
"C:/Users/luisp/Documents/Projetos/Unreal Engine/EbacProject/Content/Characters/Mannequins/Rigs/PA_Mannequin.uasset" 372
"C:/Users/luisp/Documents/Projetos/Unreal Engine/EbacProject/Content/Characters/Mannequins/Rigs/PA_Mannequin.uexp" 373
"C:/Users/luisp/Documents/Projetos/Unreal Engine/EbacProject/Content/Characters/Mannequins/Meshes/SKM_Quinn_Simple.uasset" 374
"C:/Users/luisp/Documents/Projetos/Unreal Engine/EbacProject/Content/Characters/Mannequins/Meshes/SKM_Quinn_Simple.uexp" 375
"C:/Users/luisp/Documents/Projetos/Unreal Engine/EbacProject/Content/Characters/Mannequins/Animations/AM_Player.uasset" 376
"C:/Users/luisp/Documents/Projetos/Unreal Engine/EbacProject/Content/Characters/Mannequins/Animations/AM_Player.uexp" 377
"C:/Users/luisp/Documents/Projetos/Unreal Engine/EbacProject/Content/Characters/Mannequins/Animations/ABP_Player.uasset" 378
"C:/Users/luisp/Documents/Projetos/Unreal Engine/EbacProject/Content/Characters/Mannequins/Animations/ABP_Player.uexp" 379
"C:/Users/luisp/Documents/Projetos/Unreal Engine/EbacProject/Content/Blueprints/CoreGameplay/BP_ThirdPersonCharacter_MasterEntity.uasset" 380
"C:/Users/luisp/Documents/Projetos/Unreal Engine/EbacProject/Content/Blueprints/CoreGameplay/BP_ThirdPersonCharacter_MasterEntity.uexp" 381
"C:/Users/luisp/Documents/Projetos/Unreal Engine/EbacProject/Content/HUD/W_PlayerStats.uasset" 382
"C:/Users/luisp/Documents/Projetos/Unreal Engine/EbacProject/Content/HUD/W_PlayerStats.uexp" 383
"C:/Users/luisp/Documents/Projetos/Unreal Engine/EbacProject/Content/Blueprints/Inputs/ReleaseLightAtttack.uasset" 384
"C:/Users/luisp/Documents/Projetos/Unreal Engine/EbacProject/Content/Blueprints/Inputs/ReleaseLightAtttack.uexp" 385
"C:/Users/luisp/Documents/Projetos/Unreal Engine/EbacProject/Content/Blueprints/Inputs/LightAttack.uasset" 386
"C:/Users/luisp/Documents/Projetos/Unreal Engine/EbacProject/Content/Blueprints/Inputs/LightAttack.uexp" 387
"C:/Users/luisp/Documents/Projetos/Unreal Engine/EbacProject/Content/Blueprints/Inputs/Combat_Context.uasset" 388
"C:/Users/luisp/Documents/Projetos/Unreal Engine/EbacProject/Content/Blueprints/Inputs/Combat_Context.uexp" 389
"C:/Users/luisp/Documents/Projetos/Unreal Engine/EbacProject/Content/Blueprints/Inputs/Interact_InputAction.uasset" 390
"C:/Users/luisp/Documents/Projetos/Unreal Engine/EbacProject/Content/Blueprints/Inputs/Interact_InputAction.uexp" 391
"C:/Users/luisp/Documents/Projetos/Unreal Engine/EbacProject/Content/Blueprints/Interact_Interface.uasset" 392
"C:/Users/luisp/Documents/Projetos/Unreal Engine/EbacProject/Content/Blueprints/Interact_Interface.uexp" 393
"../../../Engine/Content/Functions/Engine_MaterialFunctions02/Utility/BlendAngleCorrectedNormals.uasset" 394
"../../../Engine/Content/Functions/Engine_MaterialFunctions02/Utility/BlendAngleCorrectedNormals.uexp" 395
"C:/Users/luisp/Documents/Projetos/Unreal Engine/EbacProject/Content/StarterContent/Textures/T_Detail_Rocky_N.ubulk" 396
"C:/Users/luisp/Documents/Projetos/Unreal Engine/EbacProject/Content/StarterContent/Textures/T_Detail_Rocky_N.uasset" 397
"C:/Users/luisp/Documents/Projetos/Unreal Engine/EbacProject/Content/StarterContent/Textures/T_Detail_Rocky_N.uexp" 398
"C:/Users/luisp/Documents/Projetos/Unreal Engine/EbacProject/Content/StarterContent/Textures/T_Rock_Basalt_D.ubulk" 399
"C:/Users/luisp/Documents/Projetos/Unreal Engine/EbacProject/Content/StarterContent/Textures/T_Rock_Basalt_D.uasset" 400
"C:/Users/luisp/Documents/Projetos/Unreal Engine/EbacProject/Content/StarterContent/Textures/T_Rock_Basalt_D.uexp" 401
"C:/Users/luisp/Documents/Projetos/Unreal Engine/EbacProject/Content/StarterContent/Textures/T_RockMesh_N.ubulk" 402
"C:/Users/luisp/Documents/Projetos/Unreal Engine/EbacProject/Content/StarterContent/Textures/T_RockMesh_N.uasset" 403
"C:/Users/luisp/Documents/Projetos/Unreal Engine/EbacProject/Content/StarterContent/Textures/T_RockMesh_N.uexp" 404
"C:/Users/luisp/Documents/Projetos/Unreal Engine/EbacProject/Content/StarterContent/Textures/T_RockMesh_M.ubulk" 405
"C:/Users/luisp/Documents/Projetos/Unreal Engine/EbacProject/Content/StarterContent/Textures/T_RockMesh_M.uasset" 406
"C:/Users/luisp/Documents/Projetos/Unreal Engine/EbacProject/Content/StarterContent/Textures/T_RockMesh_M.uexp" 407
"C:/Users/luisp/Documents/Projetos/Unreal Engine/EbacProject/Content/StarterContent/Props/Materials/M_Rock.uasset" 408
"C:/Users/luisp/Documents/Projetos/Unreal Engine/EbacProject/Content/StarterContent/Props/Materials/M_Rock.uexp" 409
"C:/Users/luisp/Documents/Projetos/Unreal Engine/EbacProject/Content/StarterContent/Props/SM_Rock.ubulk" 410
"C:/Users/luisp/Documents/Projetos/Unreal Engine/EbacProject/Content/StarterContent/Props/SM_Rock.uasset" 411
"C:/Users/luisp/Documents/Projetos/Unreal Engine/EbacProject/Content/StarterContent/Props/SM_Rock.uexp" 412
"C:/Users/luisp/Documents/Projetos/Unreal Engine/EbacProject/Content/Blueprints/MyAI/AI_SoundEmittter.uasset" 413
"C:/Users/luisp/Documents/Projetos/Unreal Engine/EbacProject/Content/Blueprints/MyAI/AI_SoundEmittter.uexp" 414
"C:/Users/luisp/Documents/Projetos/Unreal Engine/EbacProject/Content/Blueprints/SaveLoad/MySaveGame.uasset" 415
"C:/Users/luisp/Documents/Projetos/Unreal Engine/EbacProject/Content/Blueprints/SaveLoad/MySaveGame.uexp" 416
"C:/Users/luisp/Documents/Projetos/Unreal Engine/EbacProject/Content/Blueprints/GameDesign/S_Level.uasset" 417
"C:/Users/luisp/Documents/Projetos/Unreal Engine/EbacProject/Content/Blueprints/GameDesign/S_Level.uexp" 418
"C:/Users/luisp/Documents/Projetos/Unreal Engine/EbacProject/Content/Audio/Jump1.ubulk" 419
"C:/Users/luisp/Documents/Projetos/Unreal Engine/EbacProject/Content/Audio/Jump1.uasset" 420
"C:/Users/luisp/Documents/Projetos/Unreal Engine/EbacProject/Content/Audio/Jump1.uexp" 421
"C:/Users/luisp/Documents/Projetos/Unreal Engine/EbacProject/Content/Audio/Jump1_Cue.uasset" 422
"C:/Users/luisp/Documents/Projetos/Unreal Engine/EbacProject/Content/Audio/Jump1_Cue.uexp" 423
"C:/Users/luisp/Documents/Projetos/Unreal Engine/EbacProject/Content/ThirdPerson/Input/Actions/IA_Jump.uasset" 424
"C:/Users/luisp/Documents/Projetos/Unreal Engine/EbacProject/Content/ThirdPerson/Input/Actions/IA_Jump.uexp" 425
"C:/Users/luisp/Documents/Projetos/Unreal Engine/EbacProject/Content/ThirdPerson/Input/Actions/IA_Look.uasset" 426
"C:/Users/luisp/Documents/Projetos/Unreal Engine/EbacProject/Content/ThirdPerson/Input/Actions/IA_Look.uexp" 427
"C:/Users/luisp/Documents/Projetos/Unreal Engine/EbacProject/Content/ThirdPerson/Input/Actions/IA_Move.uasset" 428
"C:/Users/luisp/Documents/Projetos/Unreal Engine/EbacProject/Content/ThirdPerson/Input/Actions/IA_Move.uexp" 429
"C:/Users/luisp/Documents/Projetos/Unreal Engine/EbacProject/Content/ThirdPerson/Input/IMC_Default.uasset" 430
"C:/Users/luisp/Documents/Projetos/Unreal Engine/EbacProject/Content/ThirdPerson/Input/IMC_Default.uexp" 431
"C:/Users/luisp/Documents/Projetos/Unreal Engine/EbacProject/Content/Blueprints/Inputs/HunterVision.uasset" 432
"C:/Users/luisp/Documents/Projetos/Unreal Engine/EbacProject/Content/Blueprints/Inputs/HunterVision.uexp" 433
"C:/Users/luisp/Documents/Projetos/Unreal Engine/EbacProject/Content/Blueprints/Inputs/Exploration_Context.uasset" 434
"C:/Users/luisp/Documents/Projetos/Unreal Engine/EbacProject/Content/Blueprints/Inputs/Exploration_Context.uexp" 435
"C:/Users/luisp/Documents/Projetos/Unreal Engine/EbacProject/Content/Blueprints/GameDesign/Level_DT.uasset" 436
"C:/Users/luisp/Documents/Projetos/Unreal Engine/EbacProject/Content/Blueprints/GameDesign/Level_DT.uexp" 437
"C:/Users/luisp/Documents/Projetos/Unreal Engine/EbacProject/Content/FX/PostProcessing/Hunter_PP.uasset" 438
"C:/Users/luisp/Documents/Projetos/Unreal Engine/EbacProject/Content/FX/PostProcessing/Hunter_PP.uexp" 439
"C:/Users/luisp/Documents/Projetos/Unreal Engine/EbacProject/Content/FX/PostProcessing/Hunter_PP_Inst.uasset" 440
"C:/Users/luisp/Documents/Projetos/Unreal Engine/EbacProject/Content/FX/PostProcessing/Hunter_PP_Inst.uexp" 441
"C:/Users/luisp/Documents/Projetos/Unreal Engine/EbacProject/Content/HUD/W_InventoryItem.uasset" 442
"C:/Users/luisp/Documents/Projetos/Unreal Engine/EbacProject/Content/HUD/W_InventoryItem.uexp" 443
"C:/Users/luisp/Documents/Projetos/Unreal Engine/EbacProject/Content/HUD/W_Inventory.uasset" 444
"C:/Users/luisp/Documents/Projetos/Unreal Engine/EbacProject/Content/HUD/W_Inventory.uexp" 445
"C:/Users/luisp/Documents/Projetos/Unreal Engine/EbacProject/Content/Blueprints/CoreGameplay/BP_ThirdPersonCharacter_Player.uasset" 446
"C:/Users/luisp/Documents/Projetos/Unreal Engine/EbacProject/Content/Blueprints/CoreGameplay/BP_ThirdPersonCharacter_Player.uexp" 447
"C:/Users/luisp/Documents/Projetos/Unreal Engine/EbacProject/Content/Blueprints/BP_itemPickUpMaster.uasset" 448
"C:/Users/luisp/Documents/Projetos/Unreal Engine/EbacProject/Content/Blueprints/BP_itemPickUpMaster.uexp" 449
"C:/Users/luisp/Documents/Projetos/Unreal Engine/EbacProject/Content/Audio/Pickup1.ubulk" 450
"C:/Users/luisp/Documents/Projetos/Unreal Engine/EbacProject/Content/Audio/Pickup1.uasset" 451
"C:/Users/luisp/Documents/Projetos/Unreal Engine/EbacProject/Content/Audio/Pickup1.uexp" 452
"C:/Users/luisp/Documents/Projetos/Unreal Engine/EbacProject/Content/Audio/Pickup1_Cue.uasset" 453
"C:/Users/luisp/Documents/Projetos/Unreal Engine/EbacProject/Content/Audio/Pickup1_Cue.uexp" 454
"C:/Users/luisp/Documents/Projetos/Unreal Engine/EbacProject/Content/Blueprints/BP_itemPickUpHealthChair.uasset" 455
"C:/Users/luisp/Documents/Projetos/Unreal Engine/EbacProject/Content/Blueprints/BP_itemPickUpHealthChair.uexp" 456
"C:/Users/luisp/Documents/Projetos/Unreal Engine/EbacProject/Content/Blueprints/BP_itemPickUpChild.uasset" 457
"C:/Users/luisp/Documents/Projetos/Unreal Engine/EbacProject/Content/Blueprints/BP_itemPickUpChild.uexp" 458
"C:/Users/luisp/Documents/Projetos/Unreal Engine/EbacProject/Content/Blueprints/EndGameVolume.uasset" 459
"C:/Users/luisp/Documents/Projetos/Unreal Engine/EbacProject/Content/Blueprints/EndGameVolume.uexp" 460
"C:/Users/luisp/Documents/Projetos/Unreal Engine/EbacProject/Content/LoadDL.uasset" 461
"C:/Users/luisp/Documents/Projetos/Unreal Engine/EbacProject/Content/LoadDL.uexp" 462
"../../../Engine/Content/EngineMaterials/T_Default_Material_Grid_M.ubulk" 463
"../../../Engine/Content/EngineMaterials/T_Default_Material_Grid_M.uasset" 464
"../../../Engine/Content/EngineMaterials/T_Default_Material_Grid_M.uexp" 465
"../../../Engine/Content/EngineMaterials/T_Default_Material_Grid_N.ubulk" 466
"../../../Engine/Content/EngineMaterials/T_Default_Material_Grid_N.uasset" 467
"../../../Engine/Content/EngineMaterials/T_Default_Material_Grid_N.uexp" 468
"../../../Engine/Content/Functions/Engine_MaterialFunctions01/Opacity/CameraDepthFade.uasset" 469
"../../../Engine/Content/Functions/Engine_MaterialFunctions01/Opacity/CameraDepthFade.uexp" 470
"../../../Engine/Content/EngineMaterials/WorldGridMaterial.uasset" 471
"../../../Engine/Content/EngineMaterials/WorldGridMaterial.uexp" 472
"C:/Users/luisp/Documents/Projetos/Unreal Engine/EbacProject/Content/StarterContent/Props/MaterialSphere.ubulk" 473
"C:/Users/luisp/Documents/Projetos/Unreal Engine/EbacProject/Content/StarterContent/Props/MaterialSphere.uasset" 474
"C:/Users/luisp/Documents/Projetos/Unreal Engine/EbacProject/Content/StarterContent/Props/MaterialSphere.uexp" 475
"C:/Users/luisp/Documents/Projetos/Unreal Engine/EbacProject/Content/Blueprints/Tools/TestTool.uasset" 476
"C:/Users/luisp/Documents/Projetos/Unreal Engine/EbacProject/Content/Blueprints/Tools/TestTool.uexp" 477
"C:/Users/luisp/Documents/Projetos/Unreal Engine/EbacProject/Content/Sequencer/Sequencer_Scene1.uasset" 478
"C:/Users/luisp/Documents/Projetos/Unreal Engine/EbacProject/Content/Sequencer/Sequencer_Scene1.uexp" 479
"C:/Users/luisp/Documents/Projetos/Unreal Engine/EbacProject/Content/Blueprints/CinematicPlay.uasset" 480
"C:/Users/luisp/Documents/Projetos/Unreal Engine/EbacProject/Content/Blueprints/CinematicPlay.uexp" 481
"../../../Engine/Content/EditorResources/S_Terrain.ubulk" 482
"../../../Engine/Content/EditorResources/S_Terrain.uasset" 483
"../../../Engine/Content/EditorResources/S_Terrain.uexp" 484
"../../../Engine/Content/Functions/Engine_MaterialFunctions02/Utility/VectorLength.uasset" 485
"../../../Engine/Content/Functions/Engine_MaterialFunctions02/Utility/VectorLength.uexp" 486
"../../../Engine/Content/Functions/Engine_MaterialFunctions02/WorldPositionOffset/V2/ObjectScale.uasset" 487
"../../../Engine/Content/Functions/Engine_MaterialFunctions02/WorldPositionOffset/V2/ObjectScale.uexp" 488
"../../../Engine/Content/Functions/Engine_MaterialFunctions02/Utility/MakeFloat3.uasset" 489
"../../../Engine/Content/Functions/Engine_MaterialFunctions02/Utility/MakeFloat3.uexp" 490
"../../../Engine/Content/Functions/Engine_MaterialFunctions02/WorldPositionOffset/ComponentPivotLocation.uasset" 491
"../../../Engine/Content/Functions/Engine_MaterialFunctions02/WorldPositionOffset/ComponentPivotLocation.uexp" 492
"../../../Engine/Content/Functions/Engine_MaterialFunctions02/WorldPositionOffset/Sprite.uasset" 493
"../../../Engine/Content/Functions/Engine_MaterialFunctions02/WorldPositionOffset/Sprite.uexp" 494
"../../../Engine/Plugins/Experimental/Landmass/Content/Landscape/BlueprintBrushes/Materials/Sprite/M_BrushSprite_01.uasset" 495
"../../../Engine/Plugins/Experimental/Landmass/Content/Landscape/BlueprintBrushes/Materials/Sprite/M_BrushSprite_01.uexp" 496
"../../../Engine/Plugins/Experimental/Landmass/Content/Landscape/BlueprintBrushes/MPC/MPC_Landscape.uasset" 497
"../../../Engine/Plugins/Experimental/Landmass/Content/Landscape/BlueprintBrushes/MPC/MPC_Landscape.uexp" 498
"../../../Engine/Content/Functions/Engine_MaterialFunctions02/Utility/MakeFloat2.uasset" 499
"../../../Engine/Content/Functions/Engine_MaterialFunctions02/Utility/MakeFloat2.uexp" 500
"../../../Engine/Plugins/Experimental/Landmass/Content/Landscape/BlueprintBrushes/MF/LandmassBrush_UVs.uasset" 501
"../../../Engine/Plugins/Experimental/Landmass/Content/Landscape/BlueprintBrushes/MF/LandmassBrush_UVs.uexp" 502
"../../../Engine/Plugins/Experimental/Landmass/Content/Landscape/BlueprintBrushes/MF/LandmassBrush_EdgeFalloff.uasset" 503
"../../../Engine/Plugins/Experimental/Landmass/Content/Landscape/BlueprintBrushes/MF/LandmassBrush_EdgeFalloff.uexp" 504
"../../../Engine/Content/EngineMaterials/BlendFunc_DefBlend.uasset" 505
"../../../Engine/Content/EngineMaterials/BlendFunc_DefBlend.uexp" 506
"../../../Engine/Plugins/Experimental/Landmass/Content/Landscape/BlueprintBrushes/MF/PointSampleLandscapeUVs.uasset" 507
"../../../Engine/Plugins/Experimental/Landmass/Content/Landscape/BlueprintBrushes/MF/PointSampleLandscapeUVs.uexp" 508
"../../../Engine/Content/EngineMaterials/BlendFunc_DefBase.uasset" 509
"../../../Engine/Content/EngineMaterials/BlendFunc_DefBase.uexp" 510
"../../../Engine/Content/Functions/Engine_MaterialFunctions03/Blends/Blend_Screen.uasset" 511
"../../../Engine/Content/Functions/Engine_MaterialFunctions03/Blends/Blend_Screen.uexp" 512
"../../../Engine/Content/Functions/Engine_MaterialFunctions03/Procedurals/ComputeFilterWidth.uasset" 513
"../../../Engine/Content/Functions/Engine_MaterialFunctions03/Procedurals/ComputeFilterWidth.uexp" 514
"../../../Engine/Content/EditorMaterials/TilingAALineIntegral.uasset" 515
"../../../Engine/Content/EditorMaterials/TilingAALineIntegral.uexp" 516
"../../../Engine/Content/EditorMaterials/TilingAALineBoxFiltered.uasset" 517
"../../../Engine/Content/EditorMaterials/TilingAALineBoxFiltered.uexp" 518
"../../../Engine/Content/EditorMaterials/TilingAAGrid.uasset" 519
"../../../Engine/Content/EditorMaterials/TilingAAGrid.uexp" 520
"../../../Engine/Plugins/Experimental/Landmass/Content/Landscape/OldPrototype_BP/Mats/MF/UnpackRG8Height.uasset" 521
"../../../Engine/Plugins/Experimental/Landmass/Content/Landscape/OldPrototype_BP/Mats/MF/UnpackRG8Height.uexp" 522
"../../../Engine/Plugins/Experimental/Landmass/Content/Landscape/BlueprintBrushes/MF/Landmass_BrushTilt.uasset" 523
"../../../Engine/Plugins/Experimental/Landmass/Content/Landscape/BlueprintBrushes/MF/Landmass_BrushTilt.uexp" 524
"../../../Engine/Content/ArtTools/RenderToTexture/Textures/T_EV_BlankWhite_01.uasset" 525
"../../../Engine/Content/ArtTools/RenderToTexture/Textures/T_EV_BlankWhite_01.uexp" 526
"../../../Engine/Content/Functions/Engine_MaterialFunctions01/ImageAdjustment/SCurve.uasset" 527
"../../../Engine/Content/Functions/Engine_MaterialFunctions01/ImageAdjustment/SCurve.uexp" 528
"../../../Engine/Content/EngineResources/Black_Low.uasset" 529
"../../../Engine/Content/EngineResources/Black_Low.uexp" 530
"../../../Engine/Plugins/Experimental/Landmass/Content/Landscape/BlueprintBrushes/MF/LandmassBrush_Noise.uasset" 531
"../../../Engine/Plugins/Experimental/Landmass/Content/Landscape/BlueprintBrushes/MF/LandmassBrush_Noise.uexp" 532
"../../../Engine/Plugins/Experimental/Landmass/Content/Landscape/BlueprintBrushes/Materials/BrushMaterials/BasicFunctions/LandmassBrush_ShapeMask.uasset" 533
"../../../Engine/Plugins/Experimental/Landmass/Content/Landscape/BlueprintBrushes/Materials/BrushMaterials/BasicFunctions/LandmassBrush_ShapeMask.uexp" 534
"../../../Engine/Plugins/Experimental/Landmass/Content/Landscape/BlueprintBrushes/Materials/Internal/BrushBounds.uasset" 535
"../../../Engine/Plugins/Experimental/Landmass/Content/Landscape/BlueprintBrushes/Materials/Internal/BrushBounds.uexp" 536
"../../../Engine/Content/EngineMaterials/Substrate/GLints/AGlintTex2dArray.uasset" 537
"../../../Engine/Content/EngineMaterials/Substrate/GLints/AGlintTex2dArray.uexp" 538
"../../../Engine/Content/EngineMaterials/Substrate/GLints2/AGlintTex2dArray2.uasset" 539
"../../../Engine/Content/EngineMaterials/Substrate/GLints2/AGlintTex2dArray2.uexp" 540
"../../../Engine/Content/EditorMaterials/Dataflow/DataflowTwoSidedVertexMaterial.uasset" 541
"../../../Engine/Content/EditorMaterials/Dataflow/DataflowTwoSidedVertexMaterial.uexp" 542
"../../../Engine/Content/EditorMaterials/Dataflow/DataflowVertexMaterial.uasset" 543
"../../../Engine/Content/EditorMaterials/Dataflow/DataflowVertexMaterial.uexp" 544
"../../../Engine/Content/EditorMaterials/PhAT_NoCollisionMaterial.uasset" 545
"../../../Engine/Content/EditorMaterials/PhAT_NoCollisionMaterial.uexp" 546
"../../../Engine/Content/EditorMaterials/PhAT_UnselectedMaterial.uasset" 547
"../../../Engine/Content/EditorMaterials/PhAT_UnselectedMaterial.uexp" 548
"../../../Engine/Content/EditorMaterials/PreviewShadowIndicator.ubulk" 549
"../../../Engine/Content/EditorMaterials/PreviewShadowIndicator.uasset" 550
"../../../Engine/Content/EditorMaterials/PreviewShadowIndicator.uexp" 551
"../../../Engine/Content/EditorMaterials/PreviewShadowIndicatorMaterial.uasset" 552
"../../../Engine/Content/EditorMaterials/PreviewShadowIndicatorMaterial.uexp" 553
"../../../Engine/Content/EngineDebugMaterials/DebugEditorMaterial.uasset" 554
"../../../Engine/Content/EngineDebugMaterials/DebugEditorMaterial.uexp" 555
"../../../Engine/Content/EngineDebugMaterials/DebugMeshMaterial.uasset" 556
"../../../Engine/Content/EngineDebugMaterials/DebugMeshMaterial.uexp" 557
"../../../Engine/Content/EngineDebugMaterials/M_SimpleUnlitTranslucent.uasset" 558
"../../../Engine/Content/EngineDebugMaterials/M_SimpleUnlitTranslucent.uexp" 559
"../../../Engine/Content/Functions/Engine_MaterialFunctions02/Utility/CameraDirectionVector.uasset" 560
"../../../Engine/Content/Functions/Engine_MaterialFunctions02/Utility/CameraDirectionVector.uexp" 561
"../../../Engine/Content/EngineDebugMaterials/VolumeToRender.uasset" 562
"../../../Engine/Content/EngineDebugMaterials/VolumeToRender.uexp" 563
"../../../Engine/Content/EngineDebugMaterials/M_VolumeRenderSphereTracePP.uasset" 564
"../../../Engine/Content/EngineDebugMaterials/M_VolumeRenderSphereTracePP.uexp" 565
"../../../Engine/Content/EngineMaterials/DefaultDiffuse.ubulk" 566
"../../../Engine/Content/EngineMaterials/DefaultDiffuse.uasset" 567
"../../../Engine/Content/EngineMaterials/DefaultDiffuse.uexp" 568
"../../../Engine/Content/EngineMaterials/DefaultDeferredDecalMaterial.uasset" 569
"../../../Engine/Content/EngineMaterials/DefaultDeferredDecalMaterial.uexp" 570
"../../../Engine/Content/EngineMaterials/DefaultLightFunctionMaterial.uasset" 571
"../../../Engine/Content/EngineMaterials/DefaultLightFunctionMaterial.uexp" 572
"../../../Engine/Content/EngineMaterials/DefaultPostProcessMaterial.uasset" 573
"../../../Engine/Content/EngineMaterials/DefaultPostProcessMaterial.uexp" 574
"../../../Engine/Content/EngineFonts/RobotoDistanceField.uasset" 575
"../../../Engine/Content/EngineFonts/RobotoDistanceField.uexp" 576
"../../../Engine/Content/EngineMaterials/DefaultTextMaterialOpaque.uasset" 577
"../../../Engine/Content/EngineMaterials/DefaultTextMaterialOpaque.uexp" 578
"../../../Engine/Content/EngineMaterials/DefaultWhiteGrid_Low.uasset" 579
"../../../Engine/Content/EngineMaterials/DefaultWhiteGrid_Low.uexp" 580
"../../../Engine/Content/EngineMaterials/EmissiveMeshMaterial.uasset" 581
"../../../Engine/Content/EngineMaterials/EmissiveMeshMaterial.uexp" 582
"../../../Engine/Content/EngineMaterials/BaseFlattenNormalMap.uasset" 583
"../../../Engine/Content/EngineMaterials/BaseFlattenNormalMap.uexp" 584
"../../../Engine/Content/EngineMaterials/BaseFlattenGrayscaleMap.uasset" 585
"../../../Engine/Content/EngineMaterials/BaseFlattenGrayscaleMap.uexp" 586
"../../../Engine/Content/EngineMaterials/BaseFlattenDiffuseMap.uasset" 587
"../../../Engine/Content/EngineMaterials/BaseFlattenDiffuseMap.uexp" 588
"../../../Engine/Content/Functions/Engine_MaterialFunctions02/PivotPainter2/Black_1x1_EXR_Texture.uasset" 589
"../../../Engine/Content/Functions/Engine_MaterialFunctions02/PivotPainter2/Black_1x1_EXR_Texture.uexp" 590
"../../../Engine/Content/EngineMaterials/BaseFlattenEmissiveMap.uasset" 591
"../../../Engine/Content/EngineMaterials/BaseFlattenEmissiveMap.uexp" 592
"../../../Engine/Content/EngineMaterials/BaseFlattenLinearColor.uasset" 593
"../../../Engine/Content/EngineMaterials/BaseFlattenLinearColor.uexp" 594
"../../../Engine/Content/EngineMaterials/FlattenMaterial.uasset" 595
"../../../Engine/Content/EngineMaterials/FlattenMaterial.uexp" 596
"../../../Engine/Content/EngineMaterials/BaseFlattenEmissiveMap_VT.uasset" 597
"../../../Engine/Content/EngineMaterials/BaseFlattenEmissiveMap_VT.uexp" 598
"../../../Engine/Content/EngineMaterials/BaseFlattenGrayscaleMap_VT.uasset" 599
"../../../Engine/Content/EngineMaterials/BaseFlattenGrayscaleMap_VT.uexp" 600
"../../../Engine/Content/EngineMaterials/BaseFlattenLinearColor_VT.uasset" 601
"../../../Engine/Content/EngineMaterials/BaseFlattenLinearColor_VT.uexp" 602
"../../../Engine/Content/EngineMaterials/Black_1x1_EXR_Texture_VT.uasset" 603
"../../../Engine/Content/EngineMaterials/Black_1x1_EXR_Texture_VT.uexp" 604
"../../../Engine/Content/EngineMaterials/BaseFlattenDiffuseMap_VT.uasset" 605
"../../../Engine/Content/EngineMaterials/BaseFlattenDiffuseMap_VT.uexp" 606
"../../../Engine/Content/EngineMaterials/BaseFlattenNormalMap_VT.uasset" 607
"../../../Engine/Content/EngineMaterials/BaseFlattenNormalMap_VT.uexp" 608
"../../../Engine/Content/EngineMaterials/FlattenMaterial_VT.uasset" 609
"../../../Engine/Content/EngineMaterials/FlattenMaterial_VT.uexp" 610
"../../../Engine/Content/EngineMaterials/FlattenMaterial_WS_Normal_VT.uasset" 611
"../../../Engine/Content/EngineMaterials/FlattenMaterial_WS_Normal_VT.uexp" 612
"../../../Engine/Content/EngineMaterials/GizmoMaterial.uasset" 613
"../../../Engine/Content/EngineMaterials/GizmoMaterial.uexp" 614
"../../../Engine/Content/EngineMaterials/InvalidLightmapSettings.ubulk" 615
"../../../Engine/Content/EngineMaterials/InvalidLightmapSettings.uasset" 616
"../../../Engine/Content/EngineMaterials/InvalidLightmapSettings.uexp" 617
"../../../Engine/Content/EngineMaterials/M_InvalidLightmapSettings.uasset" 618
"../../../Engine/Content/EngineMaterials/M_InvalidLightmapSettings.uexp" 619
"../../../Engine/Content/EngineMaterials/NaniteHiddenSectionMaterial.uasset" 620
"../../../Engine/Content/EngineMaterials/NaniteHiddenSectionMaterial.uexp" 621
"../../../Engine/Content/Functions/Engine_MaterialFunctions02/WorldPositionOffset/CameraOffset.uasset" 622
"../../../Engine/Content/Functions/Engine_MaterialFunctions02/WorldPositionOffset/CameraOffset.uexp" 623
"../../../Engine/Content/EngineMaterials/PhAT_JointLimitMaterial.uasset" 624
"../../../Engine/Content/EngineMaterials/PhAT_JointLimitMaterial.uexp" 625
"../../../Engine/Content/EngineMaterials/DefaultCalibrationColor.uasset" 626
"../../../Engine/Content/EngineMaterials/DefaultCalibrationColor.uexp" 627
"../../../Engine/Content/EngineMaterials/PPM_DefaultCalibrationColor.uasset" 628
"../../../Engine/Content/EngineMaterials/PPM_DefaultCalibrationColor.uexp" 629
"../../../Engine/Content/EngineMaterials/DefaultCalibrationGrayscale.uasset" 630
"../../../Engine/Content/EngineMaterials/DefaultCalibrationGrayscale.uexp" 631
"../../../Engine/Content/EngineMaterials/PPM_DefaultCalibrationGrayscale.uasset" 632
"../../../Engine/Content/EngineMaterials/PPM_DefaultCalibrationGrayscale.uexp" 633
"../../../Engine/Content/EngineMaterials/RemoveSurfaceMaterial.uasset" 634
"../../../Engine/Content/EngineMaterials/RemoveSurfaceMaterial.uexp" 635
"../../../Engine/Plugins/Animation/ControlRig/Content/Controls/ControlRigGizmoMaterial.uasset" 636
"../../../Engine/Plugins/Animation/ControlRig/Content/Controls/ControlRigGizmoMaterial.uexp" 637
"../../../Engine/Plugins/Animation/ControlRig/Content/Controls/ControlRigXRayMaterial.uasset" 638
"../../../Engine/Plugins/Animation/ControlRig/Content/Controls/ControlRigXRayMaterial.uexp" 639
"../../../Engine/Plugins/Animation/ControlRig/Content/M_Manip.uasset" 640
"../../../Engine/Plugins/Animation/ControlRig/Content/M_Manip.uexp" 641
"../../../Engine/Plugins/Editor/SpeedTreeImporter/Content/SpeedTree9/game_wind_noise.ubulk" 642
"../../../Engine/Plugins/Editor/SpeedTreeImporter/Content/SpeedTree9/game_wind_noise.uasset" 643
"../../../Engine/Plugins/Editor/SpeedTreeImporter/Content/SpeedTree9/game_wind_noise.uexp" 644
"../../../Engine/Plugins/Editor/SpeedTreeImporter/Content/SpeedTree9/UnpackDirection.uasset" 645
"../../../Engine/Plugins/Editor/SpeedTreeImporter/Content/SpeedTree9/UnpackDirection.uexp" 646
"../../../Engine/Content/Functions/Engine_MaterialFunctions02/ObjectLocalBounds.uasset" 647
"../../../Engine/Content/Functions/Engine_MaterialFunctions02/ObjectLocalBounds.uexp" 648
"../../../Engine/Content/Functions/Engine_MaterialFunctions02/Utility/BreakOutFloat3Components.uasset" 649
"../../../Engine/Content/Functions/Engine_MaterialFunctions02/Utility/BreakOutFloat3Components.uexp" 650
"../../../Engine/Content/Functions/Engine_MaterialFunctions02/UVs/BoundingBoxBased_0-1_UVW.uasset" 651
"../../../Engine/Content/Functions/Engine_MaterialFunctions02/UVs/BoundingBoxBased_0-1_UVW.uexp" 652
"../../../Engine/Plugins/Editor/SpeedTreeImporter/Content/SpeedTree9/SpeedTreeBillboard.uasset" 653
"../../../Engine/Plugins/Editor/SpeedTreeImporter/Content/SpeedTree9/SpeedTreeBillboard.uexp" 654
"../../../Engine/Plugins/Editor/SpeedTreeImporter/Content/SpeedTree9/UnpackInteger3.uasset" 655
"../../../Engine/Plugins/Editor/SpeedTreeImporter/Content/SpeedTree9/UnpackInteger3.uexp" 656
"../../../Engine/Content/Functions/Engine_MaterialFunctions02/WorldPositionOffset/ObjectScale.uasset" 657
"../../../Engine/Content/Functions/Engine_MaterialFunctions02/WorldPositionOffset/ObjectScale.uexp" 658
"../../../Engine/Content/Functions/Engine_MaterialFunctions02/SafeNormalize.uasset" 659
"../../../Engine/Content/Functions/Engine_MaterialFunctions02/SafeNormalize.uexp" 660
"../../../Engine/Plugins/Editor/SpeedTreeImporter/Content/SpeedTree9/SpeedTreeWindMotion.uasset" 661
"../../../Engine/Plugins/Editor/SpeedTreeImporter/Content/SpeedTree9/SpeedTreeWindMotion.uexp" 662
"../../../Engine/Plugins/Editor/SpeedTreeImporter/Content/SpeedTree9/SpeedTreeBranchMotion.uasset" 663
"../../../Engine/Plugins/Editor/SpeedTreeImporter/Content/SpeedTree9/SpeedTreeBranchMotion.uexp" 664
"../../../Engine/Plugins/Editor/SpeedTreeImporter/Content/SpeedTree9/SpeedTreeWind.uasset" 665
"../../../Engine/Plugins/Editor/SpeedTreeImporter/Content/SpeedTree9/SpeedTreeWind.uexp" 666
"../../../Engine/Plugins/Editor/SpeedTreeImporter/Content/SpeedTree9/EmptyNormal.uasset" 667
"../../../Engine/Plugins/Editor/SpeedTreeImporter/Content/SpeedTree9/EmptyNormal.uexp" 668
"../../../Engine/Plugins/Editor/SpeedTreeImporter/Content/SpeedTree9/Empty.uasset" 669
"../../../Engine/Plugins/Editor/SpeedTreeImporter/Content/SpeedTree9/Empty.uexp" 670
"../../../Engine/Plugins/Editor/SpeedTreeImporter/Content/SpeedTree9/SpeedTreeBillboardMaster.uasset" 671
"../../../Engine/Plugins/Editor/SpeedTreeImporter/Content/SpeedTree9/SpeedTreeBillboardMaster.uexp" 672
"../../../Engine/Plugins/Editor/SpeedTreeImporter/Content/SpeedTree9/SpeedTreeCameraFacing.uasset" 673
"../../../Engine/Plugins/Editor/SpeedTreeImporter/Content/SpeedTree9/SpeedTreeCameraFacing.uexp" 674
"../../../Engine/Plugins/Editor/SpeedTreeImporter/Content/SpeedTree9/SpeedTreeMaster.uasset" 675
"../../../Engine/Plugins/Editor/SpeedTreeImporter/Content/SpeedTree9/SpeedTreeMaster.uexp" 676
"../../../Engine/Plugins/Experimental/Water/Content/Materials/WaterInfo/DrawWaterInfo.uasset" 677
"../../../Engine/Plugins/Experimental/Water/Content/Materials/WaterInfo/DrawWaterInfo.uexp" 678
"../../../Engine/Plugins/Interchange/Assets/Content/Functions/MX_AbsorptionVDF.uasset" 679
"../../../Engine/Plugins/Interchange/Assets/Content/Functions/MX_AbsorptionVDF.uexp" 680
"../../../Engine/Plugins/Interchange/Assets/Content/Functions/MX_AnisotropicVDF.uasset" 681
"../../../Engine/Plugins/Interchange/Assets/Content/Functions/MX_AnisotropicVDF.uexp" 682
"../../../Engine/Plugins/Interchange/Assets/Content/Functions/MX_BurleyDiffuseBSDF.uasset" 683
"../../../Engine/Plugins/Interchange/Assets/Content/Functions/MX_BurleyDiffuseBSDF.uexp" 684
"../../../Engine/Plugins/Interchange/Assets/Content/Functions/MX_ConductorBSDF.uasset" 685
"../../../Engine/Plugins/Interchange/Assets/Content/Functions/MX_ConductorBSDF.uexp" 686
"../../../Engine/Plugins/Interchange/Assets/Content/Functions/MX_ConicalEDF.uasset" 687
"../../../Engine/Plugins/Interchange/Assets/Content/Functions/MX_ConicalEDF.uexp" 688
"../../../Engine/Plugins/Interchange/Assets/Content/Functions/MX_DielectricBSDF.uasset" 689
"../../../Engine/Plugins/Interchange/Assets/Content/Functions/MX_DielectricBSDF.uexp" 690
"../../../Engine/Plugins/Interchange/Assets/Content/Functions/MX_GeneralizedSchlickBSDF.uasset" 691
"../../../Engine/Plugins/Interchange/Assets/Content/Functions/MX_GeneralizedSchlickBSDF.uexp" 692
"../../../Engine/Plugins/Interchange/Assets/Content/Functions/MX_MeasuredEDF.uasset" 693
"../../../Engine/Plugins/Interchange/Assets/Content/Functions/MX_MeasuredEDF.uexp" 694
"../../../Engine/Plugins/Interchange/Assets/Content/Utilities/New_LUT.uasset" 695
"../../../Engine/Plugins/Interchange/Assets/Content/Utilities/New_LUT.uexp" 696
"../../../Engine/Content/Functions/Engine_MaterialFunctions03/Math/RemapValueRange.uasset" 697
"../../../Engine/Content/Functions/Engine_MaterialFunctions03/Math/RemapValueRange.uexp" 698
"../../../Engine/Plugins/Interchange/Assets/Content/Functions/MF_Iridescence.uasset" 699
"../../../Engine/Plugins/Interchange/Assets/Content/Functions/MF_Iridescence.uexp" 700
"../../../Engine/Plugins/Interchange/Assets/Content/Functions/MX_StandardSurface.uasset" 701
"../../../Engine/Plugins/Interchange/Assets/Content/Functions/MX_StandardSurface.uexp" 702
"../../../Engine/Plugins/Interchange/Assets/Content/Functions/MX_OpenPBR_Opaque.uasset" 703
"../../../Engine/Plugins/Interchange/Assets/Content/Functions/MX_OpenPBR_Opaque.uexp" 704
"../../../Engine/Plugins/Interchange/Assets/Content/Functions/MX_TransmissionSurface.uasset" 705
"../../../Engine/Plugins/Interchange/Assets/Content/Functions/MX_TransmissionSurface.uexp" 706
"../../../Engine/Plugins/Interchange/Assets/Content/Functions/MX_OpenPBR_Translucent.uasset" 707
"../../../Engine/Plugins/Interchange/Assets/Content/Functions/MX_OpenPBR_Translucent.uexp" 708
"../../../Engine/Plugins/Interchange/Assets/Content/Functions/MX_OrenNayarBSDF.uasset" 709
"../../../Engine/Plugins/Interchange/Assets/Content/Functions/MX_OrenNayarBSDF.uexp" 710
"../../../Engine/Plugins/Interchange/Assets/Content/Functions/MX_SheenBSDF.uasset" 711
"../../../Engine/Plugins/Interchange/Assets/Content/Functions/MX_SheenBSDF.uexp" 712
"../../../Engine/Plugins/Interchange/Assets/Content/Functions/MX_SubsurfaceBSDF.uasset" 713
"../../../Engine/Plugins/Interchange/Assets/Content/Functions/MX_SubsurfaceBSDF.uexp" 714
"../../../Engine/Plugins/Interchange/Assets/Content/Functions/MX_Surface.uasset" 715
"../../../Engine/Plugins/Interchange/Assets/Content/Functions/MX_Surface.uexp" 716
"../../../Engine/Plugins/Interchange/Assets/Content/Functions/MX_SurfaceUnlit.uasset" 717
"../../../Engine/Plugins/Interchange/Assets/Content/Functions/MX_SurfaceUnlit.uexp" 718
"../../../Engine/Plugins/Interchange/Assets/Content/Functions/MX_ThinFilmBSDF.uasset" 719
"../../../Engine/Plugins/Interchange/Assets/Content/Functions/MX_ThinFilmBSDF.uexp" 720
"../../../Engine/Plugins/Interchange/Assets/Content/Functions/MX_TranslucentBSDF.uasset" 721
"../../../Engine/Plugins/Interchange/Assets/Content/Functions/MX_TranslucentBSDF.uexp" 722
"../../../Engine/Plugins/Interchange/Assets/Content/Functions/MX_UniformEDF.uasset" 723
"../../../Engine/Plugins/Interchange/Assets/Content/Functions/MX_UniformEDF.uexp" 724
"../../../Engine/Plugins/Interchange/Assets/Content/Functions/MX_UsdPreviewSurface.uasset" 725
"../../../Engine/Plugins/Interchange/Assets/Content/Functions/MX_UsdPreviewSurface.uexp" 726
"../../../Engine/Plugins/NNE/NNEDenoiser/Content/NNEDIM_ColorAlbedoNormal_Alpha.uasset" 727
"../../../Engine/Plugins/NNE/NNEDenoiser/Content/NNEDIM_ColorAlbedoNormal_Alpha.uexp" 728
"../../../Engine/Plugins/NNE/NNEDenoiser/Content/NNEDIM_ColorAlbedoNormal_Default.uasset" 729
"../../../Engine/Plugins/NNE/NNEDenoiser/Content/NNEDIM_ColorAlbedoNormal_Default.uexp" 730
"../../../Engine/Plugins/NNE/NNEDenoiser/Content/NNEDIM_HighQuality_Alpha.uasset" 731
"../../../Engine/Plugins/NNE/NNEDenoiser/Content/NNEDIM_HighQuality_Alpha.uexp" 732
"../../../Engine/Plugins/NNE/NNEDenoiser/Content/NNEDIM_HighQuality_Default.uasset" 733
"../../../Engine/Plugins/NNE/NNEDenoiser/Content/NNEDIM_HighQuality_Default.uexp" 734
"../../../Engine/Plugins/NNE/NNEDenoiser/Content/NNEDOM_Output_Alpha.uasset" 735
"../../../Engine/Plugins/NNE/NNEDenoiser/Content/NNEDOM_Output_Alpha.uexp" 736
"../../../Engine/Plugins/NNE/NNEDenoiser/Content/NNEDOM_Output_Default.uasset" 737
"../../../Engine/Plugins/NNE/NNEDenoiser/Content/NNEDOM_Output_Default.uexp" 738
"../../../Engine/Plugins/NNE/NNEDenoiser/Content/NNEDTIM_ColorAlbedoNormal_Alpha.uasset" 739
"../../../Engine/Plugins/NNE/NNEDenoiser/Content/NNEDTIM_ColorAlbedoNormal_Alpha.uexp" 740
"../../../Engine/Plugins/NNE/NNEDenoiser/Content/NNEDTIM_ColorAlbedoNormal_Default.uasset" 741
"../../../Engine/Plugins/NNE/NNEDenoiser/Content/NNEDTIM_ColorAlbedoNormal_Default.uexp" 742
"../../../Engine/Plugins/NNE/NNEDenoiser/Content/NNEDTOM_Output_Alpha.uasset" 743
"../../../Engine/Plugins/NNE/NNEDenoiser/Content/NNEDTOM_Output_Alpha.uexp" 744
"../../../Engine/Plugins/NNE/NNEDenoiser/Content/NNEDTOM_Output_Default.uasset" 745
"../../../Engine/Plugins/NNE/NNEDenoiser/Content/NNEDTOM_Output_Default.uexp" 746
"../../../Engine/Plugins/Runtime/HairStrands/Content/Materials/HairCardsDefaultMaterial.uasset" 747
"../../../Engine/Plugins/Runtime/HairStrands/Content/Materials/HairCardsDefaultMaterial.uexp" 748
"../../../Engine/Plugins/Runtime/HairStrands/Content/Materials/HairGroupColors.uasset" 749
"../../../Engine/Plugins/Runtime/HairStrands/Content/Materials/HairGroupColors.uexp" 750
"../../../Engine/Content/EngineMaterials/HairColorMap.uasset" 751
"../../../Engine/Content/EngineMaterials/HairColorMap.uexp" 752
"../../../Engine/Content/EngineMaterials/HairDebugColor.uasset" 753
"../../../Engine/Content/EngineMaterials/HairDebugColor.uexp" 754
"../../../Engine/Plugins/Runtime/HairStrands/Content/Materials/HairDebugMaterial.uasset" 755
"../../../Engine/Plugins/Runtime/HairStrands/Content/Materials/HairDebugMaterial.uexp" 756
"../../../Engine/Plugins/Runtime/HairStrands/Content/Materials/HairDefaultMaterial.uasset" 757
"../../../Engine/Plugins/Runtime/HairStrands/Content/Materials/HairDefaultMaterial.uexp" 758
"../../../Engine/Plugins/Runtime/HairStrands/Content/Materials/HairMeshesDefaultMaterial.uasset" 759
"../../../Engine/Plugins/Runtime/HairStrands/Content/Materials/HairMeshesDefaultMaterial.uexp" 760
"../../../Engine/Plugins/Runtime/MeshModelingToolset/Content/Materials/M_DynamicMeshComponentVtxColor.uasset" 761
"../../../Engine/Plugins/Runtime/MeshModelingToolset/Content/Materials/M_DynamicMeshComponentVtxColor.uexp" 762
"../../../Engine/Content/EngineResources/WhiteSquareTexture.uasset" 763
"../../../Engine/Content/EngineResources/WhiteSquareTexture.uexp" 764
"../../../Engine/Content/EngineMaterials/Widget3DPassThrough.uasset" 765
"../../../Engine/Content/EngineMaterials/Widget3DPassThrough.uexp" 766
"../../../Engine/Content/EngineMaterials/Widget3DPassThrough_Masked.uasset" 767
"../../../Engine/Content/EngineMaterials/Widget3DPassThrough_Masked.uexp" 768
"../../../Engine/Content/EngineMaterials/Widget3DPassThrough_Opaque.uasset" 769
"../../../Engine/Content/EngineMaterials/Widget3DPassThrough_Opaque.uexp" 770
"../../../Engine/Content/EngineMaterials/Widget3DPassThrough_Masked_OneSided.uasset" 771
"../../../Engine/Content/EngineMaterials/Widget3DPassThrough_Masked_OneSided.uexp" 772
"../../../Engine/Content/EngineMaterials/Widget3DPassThrough_Opaque_OneSided.uasset" 773
"../../../Engine/Content/EngineMaterials/Widget3DPassThrough_Opaque_OneSided.uexp" 774
"../../../Engine/Content/EngineMaterials/Widget3DPassThrough_Translucent.uasset" 775
"../../../Engine/Content/EngineMaterials/Widget3DPassThrough_Translucent.uexp" 776
"../../../Engine/Content/EngineMaterials/Widget3DPassThrough_Translucent_OneSided.uasset" 777
"../../../Engine/Content/EngineMaterials/Widget3DPassThrough_Translucent_OneSided.uexp" 778
"../../../Engine/Content/EngineSky/VolumetricClouds/T_CloudMask.ubulk" 779
"../../../Engine/Content/EngineSky/VolumetricClouds/T_CloudMask.uasset" 780
"../../../Engine/Content/EngineSky/VolumetricClouds/T_CloudMask.uexp" 781
"../../../Engine/Content/EngineSky/VolumetricClouds/VT_Lightning.uasset" 782
"../../../Engine/Content/EngineSky/VolumetricClouds/VT_Lightning.uexp" 783
"../../../Engine/Content/EngineSky/VolumetricClouds/T_Profile_08.ubulk" 784
"../../../Engine/Content/EngineSky/VolumetricClouds/T_Profile_08.uasset" 785
"../../../Engine/Content/EngineSky/VolumetricClouds/T_Profile_08.uexp" 786
"../../../Engine/Content/Functions/Engine_MaterialFunctions02/Utility/MakeFloat4.uasset" 787
"../../../Engine/Content/Functions/Engine_MaterialFunctions02/Utility/MakeFloat4.uexp" 788
"../../../Engine/Content/Functions/Engine_MaterialFunctions01/Units/Km-to-Cm.uasset" 789
"../../../Engine/Content/Functions/Engine_MaterialFunctions01/Units/Km-to-Cm.uexp" 790
"../../../Engine/Content/Functions/Engine_MaterialFunctions02/Utility/BreakOutFloat4Components.uasset" 791
"../../../Engine/Content/Functions/Engine_MaterialFunctions02/Utility/BreakOutFloat4Components.uexp" 792
"../../../Engine/Content/EngineSky/VolumetricClouds/T_CloudPattern.ubulk" 793
"../../../Engine/Content/EngineSky/VolumetricClouds/T_CloudPattern.uasset" 794
"../../../Engine/Content/EngineSky/VolumetricClouds/T_CloudPattern.uexp" 795
"../../../Engine/Content/EngineSky/VolumetricClouds/VT_PerlinWorley_Balanced.uasset" 796
"../../../Engine/Content/EngineSky/VolumetricClouds/VT_PerlinWorley_Balanced.uexp" 797
"../../../Engine/Content/EngineSky/VolumetricClouds/m_SimpleVolumetricCloud.uasset" 798
"../../../Engine/Content/EngineSky/VolumetricClouds/m_SimpleVolumetricCloud.uexp" 799
"../../../Engine/Content/EngineSky/VolumetricClouds/m_SimpleVolumetricCloud_Inst.uasset" 800
"../../../Engine/Content/EngineSky/VolumetricClouds/m_SimpleVolumetricCloud_Inst.uexp" 801
"../../../Engine/Plugins/2D/Paper2D/Content/DefaultSpriteMaterial.uasset" 802
"../../../Engine/Plugins/2D/Paper2D/Content/DefaultSpriteMaterial.uexp" 803
"../../../Engine/Plugins/2D/Paper2D/Content/MaskedUnlitSpriteMaterial.uasset" 804
"../../../Engine/Plugins/2D/Paper2D/Content/MaskedUnlitSpriteMaterial.uexp" 805
"../../../Engine/Plugins/2D/Paper2D/Content/OpaqueUnlitSpriteMaterial.uasset" 806
"../../../Engine/Plugins/2D/Paper2D/Content/OpaqueUnlitSpriteMaterial.uexp" 807
"../../../Engine/Plugins/Experimental/Water/Content/Curves/FloatCurve_WaterBodyIsland.uasset" 808
"../../../Engine/Plugins/Experimental/Water/Content/Curves/FloatCurve_WaterBodyIsland.uexp" 809
"../../../Engine/Content/Functions/Engine_MaterialFunctions02/Math/Transform3x3Matrix.uasset" 810
"../../../Engine/Content/Functions/Engine_MaterialFunctions02/Math/Transform3x3Matrix.uexp" 811
"../../../Engine/Plugins/Interchange/Assets/Content/gltf/Textures/T_White_srgb.uasset" 812
"../../../Engine/Plugins/Interchange/Assets/Content/gltf/Textures/T_White_srgb.uexp" 813
"../../../Engine/Plugins/Interchange/Assets/Content/gltf/MaterialFunctions/MF_Specular.uasset" 814
"../../../Engine/Plugins/Interchange/Assets/Content/gltf/MaterialFunctions/MF_Specular.uexp" 815
"../../../Engine/Plugins/Interchange/Assets/Content/gltf/Textures/T_Anisotropy_Direction_Linear.uasset" 816
"../../../Engine/Plugins/Interchange/Assets/Content/gltf/Textures/T_Anisotropy_Direction_Linear.uexp" 817
"../../../Engine/Plugins/Interchange/Assets/Content/gltf/MaterialFunctions/MF_SpecularAnisotropy.uasset" 818
"../../../Engine/Plugins/Interchange/Assets/Content/gltf/MaterialFunctions/MF_SpecularAnisotropy.uexp" 819
"../../../Engine/Plugins/Interchange/Assets/Content/gltf/Textures/T_White_Linear.uasset" 820
"../../../Engine/Plugins/Interchange/Assets/Content/gltf/Textures/T_White_Linear.uexp" 821
"../../../Engine/Plugins/Interchange/Assets/Content/gltf/MaterialFunctions/MF_MetallicRoughness.uasset" 822
"../../../Engine/Plugins/Interchange/Assets/Content/gltf/MaterialFunctions/MF_MetallicRoughness.uexp" 823
"../../../Engine/Plugins/Interchange/Assets/Content/gltf/Textures/T_Generic_N.uasset" 824
"../../../Engine/Plugins/Interchange/Assets/Content/gltf/Textures/T_Generic_N.uexp" 825
"../../../Engine/Plugins/Interchange/Assets/Content/gltf/MaterialFunctions/MF_ScaleNormal.uasset" 826
"../../../Engine/Plugins/Interchange/Assets/Content/gltf/MaterialFunctions/MF_ScaleNormal.uexp" 827
"../../../Engine/Plugins/Interchange/Assets/Content/gltf/MaterialFunctions/MF_BaseColor.uasset" 828
"../../../Engine/Plugins/Interchange/Assets/Content/gltf/MaterialFunctions/MF_BaseColor.uexp" 829
"../../../Engine/Plugins/Interchange/Assets/Content/gltf/MaterialFunctions/MF_Iridescence.uasset" 830
"../../../Engine/Plugins/Interchange/Assets/Content/gltf/MaterialFunctions/MF_Iridescence.uexp" 831
"../../../Engine/Plugins/Interchange/Assets/Content/gltf/MaterialFunctions/MF_Occlusion.uasset" 832
"../../../Engine/Plugins/Interchange/Assets/Content/gltf/MaterialFunctions/MF_Occlusion.uexp" 833
"../../../Engine/Plugins/Interchange/Assets/Content/gltf/MaterialFunctions/MF_IOR.uasset" 834
"../../../Engine/Plugins/Interchange/Assets/Content/gltf/MaterialFunctions/MF_IOR.uexp" 835
"../../../Engine/Plugins/Interchange/Assets/Content/gltf/MaterialFunctions/MF_RotateV2.uasset" 836
"../../../Engine/Plugins/Interchange/Assets/Content/gltf/MaterialFunctions/MF_RotateV2.uexp" 837
"../../../Engine/Plugins/Interchange/Assets/Content/gltf/MaterialFunctions/MF_TransformUVs.uasset" 838
"../../../Engine/Plugins/Interchange/Assets/Content/gltf/MaterialFunctions/MF_TransformUVs.uexp" 839
"../../../Engine/Plugins/Interchange/Assets/Content/gltf/MaterialFunctions/MF_Emissive.uasset" 840
"../../../Engine/Plugins/Interchange/Assets/Content/gltf/MaterialFunctions/MF_Emissive.uexp" 841
"../../../Engine/Plugins/Interchange/Assets/Content/gltf/MaterialFunctions/MF_RotateNormals_TS.uasset" 842
"../../../Engine/Plugins/Interchange/Assets/Content/gltf/MaterialFunctions/MF_RotateNormals_TS.uexp" 843
"../../../Engine/Plugins/Interchange/Assets/Content/gltf/MaterialFunctions/MF_Normals.uasset" 844
"../../../Engine/Plugins/Interchange/Assets/Content/gltf/MaterialFunctions/MF_Normals.uexp" 845
"../../../Engine/Content/Functions/Engine_MaterialFunctions01/Texturing/FlattenNormal.uasset" 846
"../../../Engine/Content/Functions/Engine_MaterialFunctions01/Texturing/FlattenNormal.uexp" 847
"../../../Engine/Plugins/Interchange/Assets/Content/gltf/MaterialFunctions/MF_Clearcoat.uasset" 848
"../../../Engine/Plugins/Interchange/Assets/Content/gltf/MaterialFunctions/MF_Clearcoat.uexp" 849
"../../../Engine/Plugins/Interchange/Assets/Content/gltf/MaterialBodies/MF_ClearCoat_Body.uasset" 850
"../../../Engine/Plugins/Interchange/Assets/Content/gltf/MaterialBodies/MF_ClearCoat_Body.uexp" 851
"../../../Engine/Plugins/Interchange/Assets/Content/gltf/M_ClearCoat.uasset" 852
"../../../Engine/Plugins/Interchange/Assets/Content/gltf/M_ClearCoat.uexp" 853
"../../../Engine/Plugins/Interchange/Assets/Content/gltf/MaterialInstances/MI_ClearCoat_Blend.uasset" 854
"../../../Engine/Plugins/Interchange/Assets/Content/gltf/MaterialInstances/MI_ClearCoat_Blend.uexp" 855
"../../../Engine/Plugins/Interchange/Assets/Content/gltf/MaterialInstances/MI_ClearCoat_Blend_DS.uasset" 856
"../../../Engine/Plugins/Interchange/Assets/Content/gltf/MaterialInstances/MI_ClearCoat_Blend_DS.uexp" 857
"../../../Engine/Plugins/Interchange/Assets/Content/gltf/MaterialInstances/MI_ClearCoat_Mask.uasset" 858
"../../../Engine/Plugins/Interchange/Assets/Content/gltf/MaterialInstances/MI_ClearCoat_Mask.uexp" 859
"../../../Engine/Plugins/Interchange/Assets/Content/gltf/MaterialInstances/MI_ClearCoat_Mask_DS.uasset" 860
"../../../Engine/Plugins/Interchange/Assets/Content/gltf/MaterialInstances/MI_ClearCoat_Mask_DS.uexp" 861
"../../../Engine/Plugins/Interchange/Assets/Content/gltf/MaterialInstances/MI_ClearCoat_Opaque.uasset" 862
"../../../Engine/Plugins/Interchange/Assets/Content/gltf/MaterialInstances/MI_ClearCoat_Opaque.uexp" 863
"../../../Engine/Plugins/Interchange/Assets/Content/gltf/MaterialInstances/MI_ClearCoat_Opaque_DS.uasset" 864
"../../../Engine/Plugins/Interchange/Assets/Content/gltf/MaterialInstances/MI_ClearCoat_Opaque_DS.uexp" 865
"../../../Engine/Plugins/Interchange/Assets/Content/gltf/MaterialBodies/MF_Default_Body.uasset" 866
"../../../Engine/Plugins/Interchange/Assets/Content/gltf/MaterialBodies/MF_Default_Body.uexp" 867
"../../../Engine/Plugins/Interchange/Assets/Content/gltf/M_Default.uasset" 868
"../../../Engine/Plugins/Interchange/Assets/Content/gltf/M_Default.uexp" 869
"../../../Engine/Plugins/Interchange/Assets/Content/gltf/MaterialInstances/MI_Default_Blend.uasset" 870
"../../../Engine/Plugins/Interchange/Assets/Content/gltf/MaterialInstances/MI_Default_Blend.uexp" 871
"../../../Engine/Plugins/Interchange/Assets/Content/gltf/MaterialInstances/MI_Default_Blend_DS.uasset" 872
"../../../Engine/Plugins/Interchange/Assets/Content/gltf/MaterialInstances/MI_Default_Blend_DS.uexp" 873
"../../../Engine/Plugins/Interchange/Assets/Content/gltf/MaterialInstances/MI_Default_Mask.uasset" 874
"../../../Engine/Plugins/Interchange/Assets/Content/gltf/MaterialInstances/MI_Default_Mask.uexp" 875
"../../../Engine/Plugins/Interchange/Assets/Content/gltf/MaterialInstances/MI_Default_Mask_DS.uasset" 876
"../../../Engine/Plugins/Interchange/Assets/Content/gltf/MaterialInstances/MI_Default_Mask_DS.uexp" 877
"../../../Engine/Plugins/Interchange/Assets/Content/gltf/MaterialInstances/MI_Default_Opaque.uasset" 878
"../../../Engine/Plugins/Interchange/Assets/Content/gltf/MaterialInstances/MI_Default_Opaque.uexp" 879
"../../../Engine/Plugins/Interchange/Assets/Content/gltf/MaterialInstances/MI_Default_Opaque_DS.uasset" 880
"../../../Engine/Plugins/Interchange/Assets/Content/gltf/MaterialInstances/MI_Default_Opaque_DS.uexp" 881
"../../../Engine/Plugins/Interchange/Assets/Content/gltf/MaterialFunctions/MF_Sheen.uasset" 882
"../../../Engine/Plugins/Interchange/Assets/Content/gltf/MaterialFunctions/MF_Sheen.uexp" 883
"../../../Engine/Plugins/Interchange/Assets/Content/gltf/MaterialBodies/MF_Sheen_Body.uasset" 884
"../../../Engine/Plugins/Interchange/Assets/Content/gltf/MaterialBodies/MF_Sheen_Body.uexp" 885
"../../../Engine/Plugins/Interchange/Assets/Content/gltf/M_Sheen.uasset" 886
"../../../Engine/Plugins/Interchange/Assets/Content/gltf/M_Sheen.uexp" 887
"../../../Engine/Plugins/Interchange/Assets/Content/gltf/MaterialInstances/MI_Sheen_Blend.uasset" 888
"../../../Engine/Plugins/Interchange/Assets/Content/gltf/MaterialInstances/MI_Sheen_Blend.uexp" 889
"../../../Engine/Plugins/Interchange/Assets/Content/gltf/MaterialInstances/MI_Sheen_Blend_DS.uasset" 890
"../../../Engine/Plugins/Interchange/Assets/Content/gltf/MaterialInstances/MI_Sheen_Blend_DS.uexp" 891
"../../../Engine/Plugins/Interchange/Assets/Content/gltf/MaterialInstances/MI_Sheen_Mask.uasset" 892
"../../../Engine/Plugins/Interchange/Assets/Content/gltf/MaterialInstances/MI_Sheen_Mask.uexp" 893
"../../../Engine/Plugins/Interchange/Assets/Content/gltf/MaterialInstances/MI_Sheen_Mask_DS.uasset" 894
"../../../Engine/Plugins/Interchange/Assets/Content/gltf/MaterialInstances/MI_Sheen_Mask_DS.uexp" 895
"../../../Engine/Plugins/Interchange/Assets/Content/gltf/MaterialInstances/MI_Sheen_Opaque.uasset" 896
"../../../Engine/Plugins/Interchange/Assets/Content/gltf/MaterialInstances/MI_Sheen_Opaque.uexp" 897
"../../../Engine/Plugins/Interchange/Assets/Content/gltf/MaterialInstances/MI_Sheen_Opaque_DS.uasset" 898
"../../../Engine/Plugins/Interchange/Assets/Content/gltf/MaterialInstances/MI_Sheen_Opaque_DS.uexp" 899
"../../../Engine/Content/Functions/Engine_MaterialFunctions02/Math/AddComponents.uasset" 900
"../../../Engine/Content/Functions/Engine_MaterialFunctions02/Math/AddComponents.uexp" 901
"../../../Engine/Plugins/Interchange/Assets/Content/gltf/MaterialFunctions/MF_DiffuseSpecGloss.uasset" 902
"../../../Engine/Plugins/Interchange/Assets/Content/gltf/MaterialFunctions/MF_DiffuseSpecGloss.uexp" 903
"../../../Engine/Plugins/Interchange/Assets/Content/gltf/MaterialFunctions/MF_PerceivedBrightness.uasset" 904
"../../../Engine/Plugins/Interchange/Assets/Content/gltf/MaterialFunctions/MF_PerceivedBrightness.uexp" 905
"../../../Engine/Plugins/Interchange/Assets/Content/gltf/MaterialFunctions/MF_SpecGlossToMetalRoughness.uasset" 906
"../../../Engine/Plugins/Interchange/Assets/Content/gltf/MaterialFunctions/MF_SpecGlossToMetalRoughness.uexp" 907
"../../../Engine/Plugins/Interchange/Assets/Content/gltf/MaterialFunctions/MF_MaxComponentValue.uasset" 908
"../../../Engine/Plugins/Interchange/Assets/Content/gltf/MaterialFunctions/MF_MaxComponentValue.uexp" 909
"../../../Engine/Plugins/Interchange/Assets/Content/gltf/MaterialBodies/MF_SpecularGlossiness_Body.uasset" 910
"../../../Engine/Plugins/Interchange/Assets/Content/gltf/MaterialBodies/MF_SpecularGlossiness_Body.uexp" 911
"../../../Engine/Plugins/Interchange/Assets/Content/gltf/M_SpecularGlossiness.uasset" 912
"../../../Engine/Plugins/Interchange/Assets/Content/gltf/M_SpecularGlossiness.uexp" 913
"../../../Engine/Plugins/Interchange/Assets/Content/gltf/MaterialInstances/MI_SpecularGlossiness_Blend.uasset" 914
"../../../Engine/Plugins/Interchange/Assets/Content/gltf/MaterialInstances/MI_SpecularGlossiness_Blend.uexp" 915
"../../../Engine/Plugins/Interchange/Assets/Content/gltf/MaterialInstances/MI_SpecularGlossiness_Blend_DS.uasset" 916
"../../../Engine/Plugins/Interchange/Assets/Content/gltf/MaterialInstances/MI_SpecularGlossiness_Blend_DS.uexp" 917
"../../../Engine/Plugins/Interchange/Assets/Content/gltf/MaterialInstances/MI_SpecularGlossiness_Mask.uasset" 918
"../../../Engine/Plugins/Interchange/Assets/Content/gltf/MaterialInstances/MI_SpecularGlossiness_Mask.uexp" 919
"../../../Engine/Plugins/Interchange/Assets/Content/gltf/MaterialInstances/MI_SpecularGlossiness_Mask_DS.uasset" 920
"../../../Engine/Plugins/Interchange/Assets/Content/gltf/MaterialInstances/MI_SpecularGlossiness_Mask_DS.uexp" 921
"../../../Engine/Plugins/Interchange/Assets/Content/gltf/MaterialInstances/MI_SpecularGlossiness_Opaque.uasset" 922
"../../../Engine/Plugins/Interchange/Assets/Content/gltf/MaterialInstances/MI_SpecularGlossiness_Opaque.uexp" 923
"../../../Engine/Plugins/Interchange/Assets/Content/gltf/MaterialInstances/MI_SpecularGlossiness_Opaque_DS.uasset" 924
"../../../Engine/Plugins/Interchange/Assets/Content/gltf/MaterialInstances/MI_SpecularGlossiness_Opaque_DS.uexp" 925
"../../../Engine/Content/EngineMaterials/Good64x64TilingNoiseHighFreq.uasset" 926
"../../../Engine/Content/EngineMaterials/Good64x64TilingNoiseHighFreq.uexp" 927
"../../../Engine/Content/Functions/Engine_MaterialFunctions02/Texturing/ScreenAlignedPixelToPixelUVs.uasset" 928
"../../../Engine/Content/Functions/Engine_MaterialFunctions02/Texturing/ScreenAlignedPixelToPixelUVs.uexp" 929
"../../../Engine/Plugins/Interchange/Assets/Content/gltf/MaterialFunctions/MF_Temporal_Blur.uasset" 930
"../../../Engine/Plugins/Interchange/Assets/Content/gltf/MaterialFunctions/MF_Temporal_Blur.uexp" 931
"../../../Engine/Plugins/Interchange/Assets/Content/gltf/MaterialFunctions/MF_Fresnel_DS.uasset" 932
"../../../Engine/Plugins/Interchange/Assets/Content/gltf/MaterialFunctions/MF_Fresnel_DS.uexp" 933
"../../../Engine/Plugins/Interchange/Assets/Content/gltf/MaterialFunctions/MF_Transmission.uasset" 934
"../../../Engine/Plugins/Interchange/Assets/Content/gltf/MaterialFunctions/MF_Transmission.uexp" 935
"../../../Engine/Plugins/Interchange/Assets/Content/gltf/MaterialBodies/MF_Transmission_Body.uasset" 936
"../../../Engine/Plugins/Interchange/Assets/Content/gltf/MaterialBodies/MF_Transmission_Body.uexp" 937
"../../../Engine/Plugins/Interchange/Assets/Content/gltf/M_Transmission.uasset" 938
"../../../Engine/Plugins/Interchange/Assets/Content/gltf/M_Transmission.uexp" 939
"../../../Engine/Plugins/Interchange/Assets/Content/gltf/MaterialInstances/MI_Transmission.uasset" 940
"../../../Engine/Plugins/Interchange/Assets/Content/gltf/MaterialInstances/MI_Transmission.uexp" 941
"../../../Engine/Plugins/Interchange/Assets/Content/gltf/MaterialInstances/MI_Transmission_DS.uasset" 942
"../../../Engine/Plugins/Interchange/Assets/Content/gltf/MaterialInstances/MI_Transmission_DS.uexp" 943
"../../../Engine/Plugins/Interchange/Assets/Content/gltf/MaterialBodies/MF_Unlit_Body.uasset" 944
"../../../Engine/Plugins/Interchange/Assets/Content/gltf/MaterialBodies/MF_Unlit_Body.uexp" 945
"../../../Engine/Plugins/Interchange/Assets/Content/gltf/M_Unlit.uasset" 946
"../../../Engine/Plugins/Interchange/Assets/Content/gltf/M_Unlit.uexp" 947
"../../../Engine/Plugins/Interchange/Assets/Content/gltf/MaterialInstances/MI_Unlit_Blend.uasset" 948
"../../../Engine/Plugins/Interchange/Assets/Content/gltf/MaterialInstances/MI_Unlit_Blend.uexp" 949
"../../../Engine/Plugins/Interchange/Assets/Content/gltf/MaterialInstances/MI_Unlit_Blend_DS.uasset" 950
"../../../Engine/Plugins/Interchange/Assets/Content/gltf/MaterialInstances/MI_Unlit_Blend_DS.uexp" 951
"../../../Engine/Plugins/Interchange/Assets/Content/gltf/MaterialInstances/MI_Unlit_Mask.uasset" 952
"../../../Engine/Plugins/Interchange/Assets/Content/gltf/MaterialInstances/MI_Unlit_Mask.uexp" 953
"../../../Engine/Plugins/Interchange/Assets/Content/gltf/MaterialInstances/MI_Unlit_Mask_DS.uasset" 954
"../../../Engine/Plugins/Interchange/Assets/Content/gltf/MaterialInstances/MI_Unlit_Mask_DS.uexp" 955
"../../../Engine/Plugins/Interchange/Assets/Content/gltf/MaterialInstances/MI_Unlit_Opaque.uasset" 956
"../../../Engine/Plugins/Interchange/Assets/Content/gltf/MaterialInstances/MI_Unlit_Opaque.uexp" 957
"../../../Engine/Plugins/Interchange/Assets/Content/gltf/MaterialInstances/MI_Unlit_Opaque_DS.uasset" 958
"../../../Engine/Plugins/Interchange/Assets/Content/gltf/MaterialInstances/MI_Unlit_Opaque_DS.uexp" 959
"../../../Engine/Content/Functions/Engine_MaterialFunctions02/Texturing/CustomRotator.uasset" 960
"../../../Engine/Content/Functions/Engine_MaterialFunctions02/Texturing/CustomRotator.uexp" 961
"../../../Engine/Content/Functions/Engine_MaterialFunctions01/Gradient/GeneratedRoundRect.uasset" 962
"../../../Engine/Content/Functions/Engine_MaterialFunctions01/Gradient/GeneratedRoundRect.uexp" 963
"../../../Engine/Content/Functions/Engine_MaterialFunctions01/Gradient/SphereGradient-2D.uasset" 964
"../../../Engine/Content/Functions/Engine_MaterialFunctions01/Gradient/SphereGradient-2D.uexp" 965
"../../../Engine/Plugins/Runtime/AudioWidgets/Content/AudioMaterialSlate/Functions/MF_DotOutlined.uasset" 966
"../../../Engine/Plugins/Runtime/AudioWidgets/Content/AudioMaterialSlate/Functions/MF_DotOutlined.uexp" 967
"../../../Engine/Plugins/Runtime/AudioWidgets/Content/AudioMaterialSlate/M_AudioMaterialEnvelope_ADSR.uasset" 968
"../../../Engine/Plugins/Runtime/AudioWidgets/Content/AudioMaterialSlate/M_AudioMaterialEnvelope_ADSR.uexp" 969
"../../../Engine/Plugins/Runtime/AudioWidgets/Content/AudioMaterialSlate/MI_AudioMaterialEnvelope_ADSR.uasset" 970
"../../../Engine/Plugins/Runtime/AudioWidgets/Content/AudioMaterialSlate/MI_AudioMaterialEnvelope_ADSR.uexp" 971
"../../../Engine/Plugins/Runtime/AudioWidgets/Content/AudioMaterialSlate/Functions/MF_SingleLine_Smooth.uasset" 972
"../../../Engine/Plugins/Runtime/AudioWidgets/Content/AudioMaterialSlate/Functions/MF_SingleLine_Smooth.uexp" 973
"../../../Engine/Plugins/Runtime/AudioWidgets/Content/AudioMaterialSlate/Functions/MF_AngleGradient.uasset" 974
"../../../Engine/Plugins/Runtime/AudioWidgets/Content/AudioMaterialSlate/Functions/MF_AngleGradient.uexp" 975
"../../../Engine/Content/Functions/Engine_MaterialFunctions02/Lerp_3Color.uasset" 976
"../../../Engine/Content/Functions/Engine_MaterialFunctions02/Lerp_3Color.uexp" 977
"../../../Engine/Plugins/Runtime/AudioWidgets/Content/AudioMaterialSlate/M_AudioMaterialKnob.uasset" 978
"../../../Engine/Plugins/Runtime/AudioWidgets/Content/AudioMaterialSlate/M_AudioMaterialKnob.uexp" 979
"../../../Engine/Plugins/Runtime/AudioWidgets/Content/AudioMaterialSlate/MI_AudioMaterialKnob.uasset" 980
"../../../Engine/Plugins/Runtime/AudioWidgets/Content/AudioMaterialSlate/MI_AudioMaterialKnob.uexp" 981
"../../../Engine/Plugins/Runtime/AudioWidgets/Content/AudioMaterialSlate/Functions/MF_Lines.uasset" 982
"../../../Engine/Plugins/Runtime/AudioWidgets/Content/AudioMaterialSlate/Functions/MF_Lines.uexp" 983
"../../../Engine/Plugins/Runtime/AudioWidgets/Content/AudioMaterialSlate/M_AudioMaterialMeter.uasset" 984
"../../../Engine/Plugins/Runtime/AudioWidgets/Content/AudioMaterialSlate/M_AudioMaterialMeter.uexp" 985
"../../../Engine/Plugins/Runtime/AudioWidgets/Content/AudioMaterialSlate/MI_AudioMaterialMeter.uasset" 986
"../../../Engine/Plugins/Runtime/AudioWidgets/Content/AudioMaterialSlate/MI_AudioMaterialMeter.uexp" 987
"../../../Engine/Plugins/Runtime/AudioWidgets/Content/AudioMaterialSlate/M_AudioMaterialRoundedSlider.uasset" 988
"../../../Engine/Plugins/Runtime/AudioWidgets/Content/AudioMaterialSlate/M_AudioMaterialRoundedSlider.uexp" 989
"../../../Engine/Plugins/Runtime/AudioWidgets/Content/AudioMaterialSlate/MI_AudioMaterialRoundedSlider.uasset" 990
"../../../Engine/Plugins/Runtime/AudioWidgets/Content/AudioMaterialSlate/MI_AudioMaterialRoundedSlider.uexp" 991
"../../../Engine/Plugins/Runtime/AudioWidgets/Content/AudioMaterialSlate/Functions/MF_SingleLine.uasset" 992
"../../../Engine/Plugins/Runtime/AudioWidgets/Content/AudioMaterialSlate/Functions/MF_SingleLine.uexp" 993
"../../../Engine/Plugins/Runtime/AudioWidgets/Content/AudioMaterialSlate/M_AudioMaterialToggleButton.uasset" 994
"../../../Engine/Plugins/Runtime/AudioWidgets/Content/AudioMaterialSlate/M_AudioMaterialToggleButton.uexp" 995
"../../../Engine/Plugins/Runtime/AudioWidgets/Content/AudioMaterialSlate/MI_AudioMaterialToggleButton.uasset" 996
"../../../Engine/Plugins/Runtime/AudioWidgets/Content/AudioMaterialSlate/MI_AudioMaterialToggleButton.uexp" 997
"../../../Engine/Plugins/Experimental/Water/Content/Meshes/RiverMesh.ubulk" 998
"../../../Engine/Plugins/Experimental/Water/Content/Meshes/RiverMesh.uasset" 999
"../../../Engine/Plugins/Experimental/Water/Content/Meshes/RiverMesh.uexp" 1000
"../../../Engine/Plugins/Experimental/Landmass/Content/Landscape/Meshes/S_SpritePlane.ubulk" 1001
"../../../Engine/Plugins/Experimental/Landmass/Content/Landscape/Meshes/S_SpritePlane.uasset" 1002
"../../../Engine/Plugins/Experimental/Landmass/Content/Landscape/Meshes/S_SpritePlane.uexp" 1003
"../../../Engine/Plugins/Animation/ControlRig/Content/Controls/ControlRig_Wedge_solid.ubulk" 1004
"../../../Engine/Plugins/Animation/ControlRig/Content/Controls/ControlRig_Wedge_solid.uasset" 1005
"../../../Engine/Plugins/Animation/ControlRig/Content/Controls/ControlRig_Wedge_solid.uexp" 1006
"../../../Engine/Plugins/Animation/ControlRig/Content/Controls/ControlRig_Wedge_3mm.ubulk" 1007
"../../../Engine/Plugins/Animation/ControlRig/Content/Controls/ControlRig_Wedge_3mm.uasset" 1008
"../../../Engine/Plugins/Animation/ControlRig/Content/Controls/ControlRig_Wedge_3mm.uexp" 1009
"../../../Engine/Plugins/Animation/ControlRig/Content/Controls/ControlRig_Wedge_1mm.ubulk" 1010
"../../../Engine/Plugins/Animation/ControlRig/Content/Controls/ControlRig_Wedge_1mm.uasset" 1011
"../../../Engine/Plugins/Animation/ControlRig/Content/Controls/ControlRig_Wedge_1mm.uexp" 1012
"../../../Engine/Plugins/Animation/ControlRig/Content/Controls/ControlRig_Triangle_solid.ubulk" 1013
"../../../Engine/Plugins/Animation/ControlRig/Content/Controls/ControlRig_Triangle_solid.uasset" 1014
"../../../Engine/Plugins/Animation/ControlRig/Content/Controls/ControlRig_Triangle_solid.uexp" 1015
"../../../Engine/Plugins/Animation/ControlRig/Content/Controls/ControlRig_Triangle_3mm.ubulk" 1016
"../../../Engine/Plugins/Animation/ControlRig/Content/Controls/ControlRig_Triangle_3mm.uasset" 1017
"../../../Engine/Plugins/Animation/ControlRig/Content/Controls/ControlRig_Triangle_3mm.uexp" 1018
"../../../Engine/Plugins/Animation/ControlRig/Content/Controls/ControlRig_Triangle_1mm.ubulk" 1019
"../../../Engine/Plugins/Animation/ControlRig/Content/Controls/ControlRig_Triangle_1mm.uasset" 1020
"../../../Engine/Plugins/Animation/ControlRig/Content/Controls/ControlRig_Triangle_1mm.uexp" 1021
"../../../Engine/Plugins/Animation/ControlRig/Content/Controls/ControlRig_Star4_solid.ubulk" 1022
"../../../Engine/Plugins/Animation/ControlRig/Content/Controls/ControlRig_Star4_solid.uasset" 1023
"../../../Engine/Plugins/Animation/ControlRig/Content/Controls/ControlRig_Star4_solid.uexp" 1024
"../../../Engine/Plugins/Animation/ControlRig/Content/Controls/ControlRig_Star4_3mm.ubulk" 1025
"../../../Engine/Plugins/Animation/ControlRig/Content/Controls/ControlRig_Star4_3mm.uasset" 1026
"../../../Engine/Plugins/Animation/ControlRig/Content/Controls/ControlRig_Star4_3mm.uexp" 1027
"../../../Engine/Plugins/Animation/ControlRig/Content/Controls/ControlRig_Star4_1mm.ubulk" 1028
"../../../Engine/Plugins/Animation/ControlRig/Content/Controls/ControlRig_Star4_1mm.uasset" 1029
"../../../Engine/Plugins/Animation/ControlRig/Content/Controls/ControlRig_Star4_1mm.uexp" 1030
"../../../Engine/Plugins/Animation/ControlRig/Content/Controls/ControlRig_Square_solid.ubulk" 1031
"../../../Engine/Plugins/Animation/ControlRig/Content/Controls/ControlRig_Square_solid.uasset" 1032
"../../../Engine/Plugins/Animation/ControlRig/Content/Controls/ControlRig_Square_solid.uexp" 1033
"../../../Engine/Plugins/Animation/ControlRig/Content/Controls/ControlRig_Square_3mm.ubulk" 1034
"../../../Engine/Plugins/Animation/ControlRig/Content/Controls/ControlRig_Square_3mm.uasset" 1035
"../../../Engine/Plugins/Animation/ControlRig/Content/Controls/ControlRig_Square_3mm.uexp" 1036
"../../../Engine/Plugins/Animation/ControlRig/Content/Controls/ControlRig_Square_1mm.ubulk" 1037
"../../../Engine/Plugins/Animation/ControlRig/Content/Controls/ControlRig_Square_1mm.uasset" 1038
"../../../Engine/Plugins/Animation/ControlRig/Content/Controls/ControlRig_Square_1mm.uexp" 1039
"../../../Engine/Plugins/Animation/ControlRig/Content/Controls/ControlRig_Sphere_solid.ubulk" 1040
"../../../Engine/Plugins/Animation/ControlRig/Content/Controls/ControlRig_Sphere_solid.uasset" 1041
"../../../Engine/Plugins/Animation/ControlRig/Content/Controls/ControlRig_Sphere_solid.uexp" 1042
"../../../Engine/Plugins/Animation/ControlRig/Content/Controls/ControlRig_Sphere_3mm.ubulk" 1043
"../../../Engine/Plugins/Animation/ControlRig/Content/Controls/ControlRig_Sphere_3mm.uasset" 1044
"../../../Engine/Plugins/Animation/ControlRig/Content/Controls/ControlRig_Sphere_3mm.uexp" 1045
"../../../Engine/Plugins/Animation/ControlRig/Content/Controls/ControlRig_Sphere_1mm.ubulk" 1046
"../../../Engine/Plugins/Animation/ControlRig/Content/Controls/ControlRig_Sphere_1mm.uasset" 1047
"../../../Engine/Plugins/Animation/ControlRig/Content/Controls/ControlRig_Sphere_1mm.uexp" 1048
"../../../Engine/Plugins/Animation/ControlRig/Content/Controls/ControlRig_RoundedTriangle_solid.ubulk" 1049
"../../../Engine/Plugins/Animation/ControlRig/Content/Controls/ControlRig_RoundedTriangle_solid.uasset" 1050
"../../../Engine/Plugins/Animation/ControlRig/Content/Controls/ControlRig_RoundedTriangle_solid.uexp" 1051
"../../../Engine/Plugins/Animation/ControlRig/Content/Controls/ControlRig_RoundedTriangle_3mm.ubulk" 1052
"../../../Engine/Plugins/Animation/ControlRig/Content/Controls/ControlRig_RoundedTriangle_3mm.uasset" 1053
"../../../Engine/Plugins/Animation/ControlRig/Content/Controls/ControlRig_RoundedTriangle_3mm.uexp" 1054
"../../../Engine/Plugins/Animation/ControlRig/Content/Controls/ControlRig_RoundedTriangle_1mm.ubulk" 1055
"../../../Engine/Plugins/Animation/ControlRig/Content/Controls/ControlRig_RoundedTriangle_1mm.uasset" 1056
"../../../Engine/Plugins/Animation/ControlRig/Content/Controls/ControlRig_RoundedTriangle_1mm.uexp" 1057
"../../../Engine/Plugins/Animation/ControlRig/Content/Controls/ControlRig_RoundedSquare_solid.ubulk" 1058
"../../../Engine/Plugins/Animation/ControlRig/Content/Controls/ControlRig_RoundedSquare_solid.uasset" 1059
"../../../Engine/Plugins/Animation/ControlRig/Content/Controls/ControlRig_RoundedSquare_solid.uexp" 1060
"../../../Engine/Plugins/Animation/ControlRig/Content/Controls/ControlRig_RoundedSquare_3mm.ubulk" 1061
"../../../Engine/Plugins/Animation/ControlRig/Content/Controls/ControlRig_RoundedSquare_3mm.uasset" 1062
"../../../Engine/Plugins/Animation/ControlRig/Content/Controls/ControlRig_RoundedSquare_3mm.uexp" 1063
"../../../Engine/Plugins/Animation/ControlRig/Content/Controls/ControlRig_RoundedSquare_1mm.ubulk" 1064
"../../../Engine/Plugins/Animation/ControlRig/Content/Controls/ControlRig_RoundedSquare_1mm.uasset" 1065
"../../../Engine/Plugins/Animation/ControlRig/Content/Controls/ControlRig_RoundedSquare_1mm.uexp" 1066
"../../../Engine/Plugins/Animation/ControlRig/Content/Controls/ControlRig_QuarterCircle_solid.ubulk" 1067
"../../../Engine/Plugins/Animation/ControlRig/Content/Controls/ControlRig_QuarterCircle_solid.uasset" 1068
"../../../Engine/Plugins/Animation/ControlRig/Content/Controls/ControlRig_QuarterCircle_solid.uexp" 1069
"../../../Engine/Plugins/Animation/ControlRig/Content/Controls/ControlRig_QuarterCircle_3mm.ubulk" 1070
"../../../Engine/Plugins/Animation/ControlRig/Content/Controls/ControlRig_QuarterCircle_3mm.uasset" 1071
"../../../Engine/Plugins/Animation/ControlRig/Content/Controls/ControlRig_QuarterCircle_3mm.uexp" 1072
"../../../Engine/Plugins/Animation/ControlRig/Content/Controls/ControlRig_QuarterCircle_1mm.ubulk" 1073
"../../../Engine/Plugins/Animation/ControlRig/Content/Controls/ControlRig_QuarterCircle_1mm.uasset" 1074
"../../../Engine/Plugins/Animation/ControlRig/Content/Controls/ControlRig_QuarterCircle_1mm.uexp" 1075
"../../../Engine/Plugins/Animation/ControlRig/Content/Controls/ControlRig_Pyramid_solid.ubulk" 1076
"../../../Engine/Plugins/Animation/ControlRig/Content/Controls/ControlRig_Pyramid_solid.uasset" 1077
"../../../Engine/Plugins/Animation/ControlRig/Content/Controls/ControlRig_Pyramid_solid.uexp" 1078
"../../../Engine/Plugins/Animation/ControlRig/Content/Controls/ControlRig_Pyramid_3mm.ubulk" 1079
"../../../Engine/Plugins/Animation/ControlRig/Content/Controls/ControlRig_Pyramid_3mm.uasset" 1080
"../../../Engine/Plugins/Animation/ControlRig/Content/Controls/ControlRig_Pyramid_3mm.uexp" 1081
"../../../Engine/Plugins/Animation/ControlRig/Content/Controls/ControlRig_Pyramid_1mm.ubulk" 1082
"../../../Engine/Plugins/Animation/ControlRig/Content/Controls/ControlRig_Pyramid_1mm.uasset" 1083
"../../../Engine/Plugins/Animation/ControlRig/Content/Controls/ControlRig_Pyramid_1mm.uexp" 1084
"../../../Engine/Plugins/Animation/ControlRig/Content/Controls/ControlRig_Octagon_solid.ubulk" 1085
"../../../Engine/Plugins/Animation/ControlRig/Content/Controls/ControlRig_Octagon_solid.uasset" 1086
"../../../Engine/Plugins/Animation/ControlRig/Content/Controls/ControlRig_Octagon_solid.uexp" 1087
"../../../Engine/Plugins/Animation/ControlRig/Content/Controls/ControlRig_Octagon_3mm.ubulk" 1088
"../../../Engine/Plugins/Animation/ControlRig/Content/Controls/ControlRig_Octagon_3mm.uasset" 1089
"../../../Engine/Plugins/Animation/ControlRig/Content/Controls/ControlRig_Octagon_3mm.uexp" 1090
"../../../Engine/Plugins/Animation/ControlRig/Content/Controls/ControlRig_Octagon_1mm.ubulk" 1091
"../../../Engine/Plugins/Animation/ControlRig/Content/Controls/ControlRig_Octagon_1mm.uasset" 1092
"../../../Engine/Plugins/Animation/ControlRig/Content/Controls/ControlRig_Octagon_1mm.uexp" 1093
"../../../Engine/Plugins/Animation/ControlRig/Content/Controls/ControlRig_Hexagon_solid.ubulk" 1094
"../../../Engine/Plugins/Animation/ControlRig/Content/Controls/ControlRig_Hexagon_solid.uasset" 1095
"../../../Engine/Plugins/Animation/ControlRig/Content/Controls/ControlRig_Hexagon_solid.uexp" 1096
"../../../Engine/Plugins/Animation/ControlRig/Content/Controls/ControlRig_Hexagon_3mm.ubulk" 1097
"../../../Engine/Plugins/Animation/ControlRig/Content/Controls/ControlRig_Hexagon_3mm.uasset" 1098
"../../../Engine/Plugins/Animation/ControlRig/Content/Controls/ControlRig_Hexagon_3mm.uexp" 1099
"../../../Engine/Plugins/Animation/ControlRig/Content/Controls/ControlRig_Hexagon_1mm.ubulk" 1100
"../../../Engine/Plugins/Animation/ControlRig/Content/Controls/ControlRig_Hexagon_1mm.uasset" 1101
"../../../Engine/Plugins/Animation/ControlRig/Content/Controls/ControlRig_Hexagon_1mm.uexp" 1102
"../../../Engine/Plugins/Animation/ControlRig/Content/Controls/ControlRig_HalfCircle_solid.ubulk" 1103
"../../../Engine/Plugins/Animation/ControlRig/Content/Controls/ControlRig_HalfCircle_solid.uasset" 1104
"../../../Engine/Plugins/Animation/ControlRig/Content/Controls/ControlRig_HalfCircle_solid.uexp" 1105
"../../../Engine/Plugins/Animation/ControlRig/Content/Controls/ControlRig_HalfCircle_3mm.ubulk" 1106
"../../../Engine/Plugins/Animation/ControlRig/Content/Controls/ControlRig_HalfCircle_3mm.uasset" 1107
"../../../Engine/Plugins/Animation/ControlRig/Content/Controls/ControlRig_HalfCircle_3mm.uexp" 1108
"../../../Engine/Plugins/Animation/ControlRig/Content/Controls/ControlRig_HalfCircle_1mm.ubulk" 1109
"../../../Engine/Plugins/Animation/ControlRig/Content/Controls/ControlRig_HalfCircle_1mm.uasset" 1110
"../../../Engine/Plugins/Animation/ControlRig/Content/Controls/ControlRig_HalfCircle_1mm.uexp" 1111
"../../../Engine/Plugins/Animation/ControlRig/Content/Controls/ControlRig_Diamond_solid.ubulk" 1112
"../../../Engine/Plugins/Animation/ControlRig/Content/Controls/ControlRig_Diamond_solid.uasset" 1113
"../../../Engine/Plugins/Animation/ControlRig/Content/Controls/ControlRig_Diamond_solid.uexp" 1114
"../../../Engine/Plugins/Animation/ControlRig/Content/Controls/ControlRig_Diamond_3mm.ubulk" 1115
"../../../Engine/Plugins/Animation/ControlRig/Content/Controls/ControlRig_Diamond_3mm.uasset" 1116
"../../../Engine/Plugins/Animation/ControlRig/Content/Controls/ControlRig_Diamond_3mm.uexp" 1117
"../../../Engine/Plugins/Animation/ControlRig/Content/Controls/ControlRig_Diamond_1mm.ubulk" 1118
"../../../Engine/Plugins/Animation/ControlRig/Content/Controls/ControlRig_Diamond_1mm.uasset" 1119
"../../../Engine/Plugins/Animation/ControlRig/Content/Controls/ControlRig_Diamond_1mm.uexp" 1120
"../../../Engine/Plugins/Animation/ControlRig/Content/Controls/ControlRig_Circle_solid.ubulk" 1121
"../../../Engine/Plugins/Animation/ControlRig/Content/Controls/ControlRig_Circle_solid.uasset" 1122
"../../../Engine/Plugins/Animation/ControlRig/Content/Controls/ControlRig_Circle_solid.uexp" 1123
"../../../Engine/Plugins/Animation/ControlRig/Content/Controls/ControlRig_Circle_3mm.ubulk" 1124
"../../../Engine/Plugins/Animation/ControlRig/Content/Controls/ControlRig_Circle_3mm.uasset" 1125
"../../../Engine/Plugins/Animation/ControlRig/Content/Controls/ControlRig_Circle_3mm.uexp" 1126
"../../../Engine/Plugins/Animation/ControlRig/Content/Controls/ControlRig_Circle_1mm.ubulk" 1127
"../../../Engine/Plugins/Animation/ControlRig/Content/Controls/ControlRig_Circle_1mm.uasset" 1128
"../../../Engine/Plugins/Animation/ControlRig/Content/Controls/ControlRig_Circle_1mm.uexp" 1129
"../../../Engine/Plugins/Animation/ControlRig/Content/Controls/ControlRig_Box_solid.ubulk" 1130
"../../../Engine/Plugins/Animation/ControlRig/Content/Controls/ControlRig_Box_solid.uasset" 1131
"../../../Engine/Plugins/Animation/ControlRig/Content/Controls/ControlRig_Box_solid.uexp" 1132
"../../../Engine/Plugins/Animation/ControlRig/Content/Controls/ControlRig_Box_3mm.ubulk" 1133
"../../../Engine/Plugins/Animation/ControlRig/Content/Controls/ControlRig_Box_3mm.uasset" 1134
"../../../Engine/Plugins/Animation/ControlRig/Content/Controls/ControlRig_Box_3mm.uexp" 1135
"../../../Engine/Plugins/Animation/ControlRig/Content/Controls/ControlRig_Box_1mm.ubulk" 1136
"../../../Engine/Plugins/Animation/ControlRig/Content/Controls/ControlRig_Box_1mm.uasset" 1137
"../../../Engine/Plugins/Animation/ControlRig/Content/Controls/ControlRig_Box_1mm.uexp" 1138
"../../../Engine/Plugins/Animation/ControlRig/Content/Controls/ControlRig_Arrow_solid.ubulk" 1139
"../../../Engine/Plugins/Animation/ControlRig/Content/Controls/ControlRig_Arrow_solid.uasset" 1140
"../../../Engine/Plugins/Animation/ControlRig/Content/Controls/ControlRig_Arrow_solid.uexp" 1141
"../../../Engine/Plugins/Animation/ControlRig/Content/Controls/ControlRig_Arrow_3mm.ubulk" 1142
"../../../Engine/Plugins/Animation/ControlRig/Content/Controls/ControlRig_Arrow_3mm.uasset" 1143
"../../../Engine/Plugins/Animation/ControlRig/Content/Controls/ControlRig_Arrow_3mm.uexp" 1144
"../../../Engine/Plugins/Animation/ControlRig/Content/Controls/ControlRig_Arrow_1mm.ubulk" 1145
"../../../Engine/Plugins/Animation/ControlRig/Content/Controls/ControlRig_Arrow_1mm.uasset" 1146
"../../../Engine/Plugins/Animation/ControlRig/Content/Controls/ControlRig_Arrow_1mm.uexp" 1147
"../../../Engine/Plugins/Animation/ControlRig/Content/Controls/ControlRig_Arrow4_solid.ubulk" 1148
"../../../Engine/Plugins/Animation/ControlRig/Content/Controls/ControlRig_Arrow4_solid.uasset" 1149
"../../../Engine/Plugins/Animation/ControlRig/Content/Controls/ControlRig_Arrow4_solid.uexp" 1150
"../../../Engine/Plugins/Animation/ControlRig/Content/Controls/ControlRig_Arrow4_3mm.ubulk" 1151
"../../../Engine/Plugins/Animation/ControlRig/Content/Controls/ControlRig_Arrow4_3mm.uasset" 1152
"../../../Engine/Plugins/Animation/ControlRig/Content/Controls/ControlRig_Arrow4_3mm.uexp" 1153
"../../../Engine/Plugins/Animation/ControlRig/Content/Controls/ControlRig_Arrow4_1mm.ubulk" 1154
"../../../Engine/Plugins/Animation/ControlRig/Content/Controls/ControlRig_Arrow4_1mm.uasset" 1155
"../../../Engine/Plugins/Animation/ControlRig/Content/Controls/ControlRig_Arrow4_1mm.uexp" 1156
"../../../Engine/Plugins/Animation/ControlRig/Content/Controls/ControlRig_Arrow2_solid.ubulk" 1157
"../../../Engine/Plugins/Animation/ControlRig/Content/Controls/ControlRig_Arrow2_solid.uasset" 1158
"../../../Engine/Plugins/Animation/ControlRig/Content/Controls/ControlRig_Arrow2_solid.uexp" 1159
"../../../Engine/Plugins/Animation/ControlRig/Content/Controls/ControlRig_Arrow2_3mm.ubulk" 1160
"../../../Engine/Plugins/Animation/ControlRig/Content/Controls/ControlRig_Arrow2_3mm.uasset" 1161
"../../../Engine/Plugins/Animation/ControlRig/Content/Controls/ControlRig_Arrow2_3mm.uexp" 1162
"../../../Engine/Plugins/Animation/ControlRig/Content/Controls/ControlRig_Arrow2_1mm.ubulk" 1163
"../../../Engine/Plugins/Animation/ControlRig/Content/Controls/ControlRig_Arrow2_1mm.uasset" 1164
"../../../Engine/Plugins/Animation/ControlRig/Content/Controls/ControlRig_Arrow2_1mm.uexp" 1165
"../../../Engine/Content/VREditor/TransformGizmo/Main.uasset" 1166
"../../../Engine/Content/VREditor/TransformGizmo/Main.uexp" 1167
"../../../Engine/Content/VREditor/TransformGizmo/Xray.uasset" 1168
"../../../Engine/Content/VREditor/TransformGizmo/Xray.uexp" 1169
"../../../Engine/Content/VREditor/TransformGizmo/SM_Sequencer_Node.ubulk" 1170
"../../../Engine/Content/VREditor/TransformGizmo/SM_Sequencer_Node.uasset" 1171
"../../../Engine/Content/VREditor/TransformGizmo/SM_Sequencer_Node.uexp" 1172
"../../../Engine/Content/VREditor/LaserPointer/VR_LaserPower_01.ubulk" 1173
"../../../Engine/Content/VREditor/LaserPointer/VR_LaserPower_01.uasset" 1174
"../../../Engine/Content/VREditor/LaserPointer/VR_LaserPower_01.uexp" 1175
"../../../Engine/Content/VREditor/TransformGizmo/TransformGizmoMaterial.uasset" 1176
"../../../Engine/Content/VREditor/TransformGizmo/TransformGizmoMaterial.uexp" 1177
"../../../Engine/Content/VREditor/TransformGizmo/TranslucentTransformGizmoMaterial.uasset" 1178
"../../../Engine/Content/VREditor/TransformGizmo/TranslucentTransformGizmoMaterial.uexp" 1179
"../../../Engine/Content/VREditor/TransformGizmo/BoundingBoxEdge.ubulk" 1180
"../../../Engine/Content/VREditor/TransformGizmo/BoundingBoxEdge.uasset" 1181
"../../../Engine/Content/VREditor/TransformGizmo/BoundingBoxEdge.uexp" 1182
"../../../Engine/Content/VREditor/TransformGizmo/BoundingBoxCorner.ubulk" 1183
"../../../Engine/Content/VREditor/TransformGizmo/BoundingBoxCorner.uasset" 1184
"../../../Engine/Content/VREditor/TransformGizmo/BoundingBoxCorner.uexp" 1185
"../../../Engine/Content/EngineMeshes/Sphere.ubulk" 1186
"../../../Engine/Content/EngineMeshes/Sphere.uasset" 1187
"../../../Engine/Content/EngineMeshes/Sphere.uexp" 1188
"../../../Engine/Content/EditorMaterials/Camera/CineMat.uasset" 1189
"../../../Engine/Content/EditorMaterials/Camera/CineMat.uexp" 1190
"../../../Engine/Content/EditorMaterials/Camera/MI_CineMat_Rig.uasset" 1191
"../../../Engine/Content/EditorMaterials/Camera/MI_CineMat_Rig.uexp" 1192
"../../../Engine/Content/EditorMeshes/Camera/SM_RailRig_Track.ubulk" 1193
"../../../Engine/Content/EditorMeshes/Camera/SM_RailRig_Track.uasset" 1194
"../../../Engine/Content/EditorMeshes/Camera/SM_RailRig_Track.uexp" 1195
"../../../Engine/Content/EditorMeshes/Camera/SM_RailRig_Mount.ubulk" 1196
"../../../Engine/Content/EditorMeshes/Camera/SM_RailRig_Mount.uasset" 1197
"../../../Engine/Content/EditorMeshes/Camera/SM_RailRig_Mount.uexp" 1198
"../../../Engine/Content/EditorMeshes/Camera/SM_CraneRig_Mount.ubulk" 1199
"../../../Engine/Content/EditorMeshes/Camera/SM_CraneRig_Mount.uasset" 1200
"../../../Engine/Content/EditorMeshes/Camera/SM_CraneRig_Mount.uexp" 1201
"../../../Engine/Content/EditorMeshes/Camera/SM_CraneRig_Body.ubulk" 1202
"../../../Engine/Content/EditorMeshes/Camera/SM_CraneRig_Body.uasset" 1203
"../../../Engine/Content/EditorMeshes/Camera/SM_CraneRig_Body.uexp" 1204
"../../../Engine/Content/EditorMeshes/Camera/SM_CraneRig_Base.ubulk" 1205
"../../../Engine/Content/EditorMeshes/Camera/SM_CraneRig_Base.uasset" 1206
"../../../Engine/Content/EditorMeshes/Camera/SM_CraneRig_Base.uexp" 1207
"../../../Engine/Content/EditorMeshes/Camera/SM_CraneRig_Arm.ubulk" 1208
"../../../Engine/Content/EditorMeshes/Camera/SM_CraneRig_Arm.uasset" 1209
"../../../Engine/Content/EditorMeshes/Camera/SM_CraneRig_Arm.uexp" 1210
"../../../Engine/Content/EditorLandscapeResources/SplineEditorMeshMat.uasset" 1211
"../../../Engine/Content/EditorLandscapeResources/SplineEditorMeshMat.uexp" 1212
"../../../Engine/Content/EditorLandscapeResources/SplineEditorMesh.ubulk" 1213
"../../../Engine/Content/EditorLandscapeResources/SplineEditorMesh.uasset" 1214
"../../../Engine/Content/EditorLandscapeResources/SplineEditorMesh.uexp" 1215
"../../../Engine/Content/EngineMaterials/DefaultMaterial.uasset" 1216
"../../../Engine/Content/EngineMaterials/DefaultMaterial.uexp" 1217
"../../../Engine/Content/BasicShapes/Sphere.ubulk" 1218
"../../../Engine/Content/BasicShapes/Sphere.uasset" 1219
"../../../Engine/Content/BasicShapes/Sphere.uexp" 1220
"../../../Engine/Content/BasicShapes/Plane.ubulk" 1221
"../../../Engine/Content/BasicShapes/Plane.uasset" 1222
"../../../Engine/Content/BasicShapes/Plane.uexp" 1223
"../../../Engine/Content/BasicShapes/Cylinder.ubulk" 1224
"../../../Engine/Content/BasicShapes/Cylinder.uasset" 1225
"../../../Engine/Content/BasicShapes/Cylinder.uexp" 1226
"../../../Engine/Content/BasicShapes/Cone.ubulk" 1227
"../../../Engine/Content/BasicShapes/Cone.uasset" 1228
"../../../Engine/Content/BasicShapes/Cone.uexp" 1229
"../../../Engine/Content/ArtTools/RenderToTexture/Meshes/S_1_Unit_Plane.ubulk" 1230
"../../../Engine/Content/ArtTools/RenderToTexture/Meshes/S_1_Unit_Plane.uasset" 1231
"../../../Engine/Content/ArtTools/RenderToTexture/Meshes/S_1_Unit_Plane.uexp" 1232
"../../../Engine/Plugins/Media/MediaPlate/Content/SM_MediaPlateScreen.ubulk" 1233
"../../../Engine/Plugins/Media/MediaPlate/Content/SM_MediaPlateScreen.uasset" 1234
"../../../Engine/Plugins/Media/MediaPlate/Content/SM_MediaPlateScreen.uexp" 1235
"C:/Users/luisp/Documents/Projetos/Unreal Engine/EbacProject/Content/Physics/TestField.uasset" 1236
"C:/Users/luisp/Documents/Projetos/Unreal Engine/EbacProject/Content/Physics/TestField.uexp" 1237
"C:/Users/luisp/Documents/Projetos/Unreal Engine/EbacProject/Content/Landscape/Dirt_LayerInfo.uasset" 1238
"C:/Users/luisp/Documents/Projetos/Unreal Engine/EbacProject/Content/Landscape/Dirt_LayerInfo.uexp" 1239
"../../../Engine/Plugins/Experimental/Landmass/Content/PreviewContent/LayerInfos/Rock_LayerInfo.uasset" 1240
"../../../Engine/Plugins/Experimental/Landmass/Content/PreviewContent/LayerInfos/Rock_LayerInfo.uexp" 1241
"C:/Users/luisp/Documents/Projetos/Unreal Engine/EbacProject/Content/StarterContent/Textures/T_Ground_Gravel_N.ubulk" 1242
"C:/Users/luisp/Documents/Projetos/Unreal Engine/EbacProject/Content/StarterContent/Textures/T_Ground_Gravel_N.uasset" 1243
"C:/Users/luisp/Documents/Projetos/Unreal Engine/EbacProject/Content/StarterContent/Textures/T_Ground_Gravel_N.uexp" 1244
"../../../Engine/Content/EngineMaterials/WeightMapPlaceholderTexture.uasset" 1245
"../../../Engine/Content/EngineMaterials/WeightMapPlaceholderTexture.uexp" 1246
"../../../Engine/Content/EngineMaterials/WeightMapArrayPlaceholderTexture.uasset" 1247
"../../../Engine/Content/EngineMaterials/WeightMapArrayPlaceholderTexture.uexp" 1248
"C:/Users/luisp/Documents/Projetos/Unreal Engine/EbacProject/Content/StarterContent/Textures/T_Ground_Grass_D.ubulk" 1249
"C:/Users/luisp/Documents/Projetos/Unreal Engine/EbacProject/Content/StarterContent/Textures/T_Ground_Grass_D.uasset" 1250
"C:/Users/luisp/Documents/Projetos/Unreal Engine/EbacProject/Content/StarterContent/Textures/T_Ground_Grass_D.uexp" 1251
"C:/Users/luisp/Documents/Projetos/Unreal Engine/EbacProject/Content/StarterContent/Textures/T_Ground_Gravel_D.ubulk" 1252
"C:/Users/luisp/Documents/Projetos/Unreal Engine/EbacProject/Content/StarterContent/Textures/T_Ground_Gravel_D.uasset" 1253
"C:/Users/luisp/Documents/Projetos/Unreal Engine/EbacProject/Content/StarterContent/Textures/T_Ground_Gravel_D.uexp" 1254
"C:/Users/luisp/Documents/Projetos/Unreal Engine/EbacProject/Content/StarterContent/Textures/T_Ground_Grass_N.ubulk" 1255
"C:/Users/luisp/Documents/Projetos/Unreal Engine/EbacProject/Content/StarterContent/Textures/T_Ground_Grass_N.uasset" 1256
"C:/Users/luisp/Documents/Projetos/Unreal Engine/EbacProject/Content/StarterContent/Textures/T_Ground_Grass_N.uexp" 1257
"../../../Engine/Content/Functions/Engine_MaterialFunctions01/Gradient/LinearGradient.uasset" 1258
"../../../Engine/Content/Functions/Engine_MaterialFunctions01/Gradient/LinearGradient.uexp" 1259
"C:/Users/luisp/Documents/Projetos/Unreal Engine/EbacProject/Content/Landscape/CamDistance_MF.uasset" 1260
"C:/Users/luisp/Documents/Projetos/Unreal Engine/EbacProject/Content/Landscape/CamDistance_MF.uexp" 1261
"../../../Engine/Content/Functions/Engine_MaterialFunctions01/ImageAdjustment/CheapContrast.uasset" 1262
"../../../Engine/Content/Functions/Engine_MaterialFunctions01/ImageAdjustment/CheapContrast.uexp" 1263
"C:/Users/luisp/Documents/Projetos/Unreal Engine/EbacProject/Content/StarterContent/Textures/T_Rock_Sandstone_N.ubulk" 1264
"C:/Users/luisp/Documents/Projetos/Unreal Engine/EbacProject/Content/StarterContent/Textures/T_Rock_Sandstone_N.uasset" 1265
"C:/Users/luisp/Documents/Projetos/Unreal Engine/EbacProject/Content/StarterContent/Textures/T_Rock_Sandstone_N.uexp" 1266
"C:/Users/luisp/Documents/Projetos/Unreal Engine/EbacProject/Content/StarterContent/Textures/T_Rock_Basalt_N.ubulk" 1267
"C:/Users/luisp/Documents/Projetos/Unreal Engine/EbacProject/Content/StarterContent/Textures/T_Rock_Basalt_N.uasset" 1268
"C:/Users/luisp/Documents/Projetos/Unreal Engine/EbacProject/Content/StarterContent/Textures/T_Rock_Basalt_N.uexp" 1269
"C:/Users/luisp/Documents/Projetos/Unreal Engine/EbacProject/Content/StarterContent/Textures/T_Rock_Sandstone_D.ubulk" 1270
"C:/Users/luisp/Documents/Projetos/Unreal Engine/EbacProject/Content/StarterContent/Textures/T_Rock_Sandstone_D.uasset" 1271
"C:/Users/luisp/Documents/Projetos/Unreal Engine/EbacProject/Content/StarterContent/Textures/T_Rock_Sandstone_D.uexp" 1272
"../../../Engine/Content/Functions/Engine_MaterialFunctions01/Texturing/SlopeMask.uasset" 1273
"../../../Engine/Content/Functions/Engine_MaterialFunctions01/Texturing/SlopeMask.uexp" 1274
"C:/Users/luisp/Documents/Projetos/Unreal Engine/EbacProject/Content/Landscape/M_Landscape.uasset" 1275
"C:/Users/luisp/Documents/Projetos/Unreal Engine/EbacProject/Content/Landscape/M_Landscape.uexp" 1276
"C:/Users/luisp/Documents/Projetos/Unreal Engine/EbacProject/Content/Landscape/M_Landscape_Inst.uasset" 1277
"C:/Users/luisp/Documents/Projetos/Unreal Engine/EbacProject/Content/Landscape/M_Landscape_Inst.uexp" 1278
"../../../Engine/Content/EngineMaterials/DefaultPhysicalMaterial.uasset" 1279
"../../../Engine/Content/EngineMaterials/DefaultPhysicalMaterial.uexp" 1280
"../../../Engine/Plugins/Experimental/Landmass/Content/PreviewContent/LayerInfos/Grass_LayerInfo.uasset" 1281
"../../../Engine/Plugins/Experimental/Landmass/Content/PreviewContent/LayerInfos/Grass_LayerInfo.uexp" 1282
"../../../Engine/Plugins/Experimental/Landmass/Content/PreviewContent/LayerInfos/Snow_LayerInfo.uasset" 1283
"../../../Engine/Plugins/Experimental/Landmass/Content/PreviewContent/LayerInfos/Snow_LayerInfo.uexp" 1284
"../../../Engine/Plugins/Experimental/Water/Content/Waves/GerstnerWaves_Lake.uasset" 1285
"../../../Engine/Plugins/Experimental/Water/Content/Waves/GerstnerWaves_Lake.uexp" 1286
"../../../Engine/Plugins/Experimental/Water/Content/Meshes/LakeMesh.ubulk" 1287
"../../../Engine/Plugins/Experimental/Water/Content/Meshes/LakeMesh.uasset" 1288
"../../../Engine/Plugins/Experimental/Water/Content/Meshes/LakeMesh.uexp" 1289
"../../../Engine/Content/Functions/Engine_MaterialFunctions02/ExampleContent/Textures/LowResBlurredNoise.uasset" 1290
"../../../Engine/Content/Functions/Engine_MaterialFunctions02/ExampleContent/Textures/LowResBlurredNoise.uexp" 1291
"../../../Engine/Content/Functions/Engine_MaterialFunctions02/ExampleContent/Textures/water_d.ubulk" 1292
"../../../Engine/Content/Functions/Engine_MaterialFunctions02/ExampleContent/Textures/water_d.uasset" 1293
"../../../Engine/Content/Functions/Engine_MaterialFunctions02/ExampleContent/Textures/water_d.uexp" 1294
"../../../Engine/Content/Functions/Engine_MaterialFunctions02/ExampleContent/Textures/water_n.ubulk" 1295
"../../../Engine/Content/Functions/Engine_MaterialFunctions02/ExampleContent/Textures/water_n.uasset" 1296
"../../../Engine/Content/Functions/Engine_MaterialFunctions02/ExampleContent/Textures/water_n.uexp" 1297
"../../../Engine/Content/EngineMaterials/DefaultNormal.ubulk" 1298
"../../../Engine/Content/EngineMaterials/DefaultNormal.uasset" 1299
"../../../Engine/Content/EngineMaterials/DefaultNormal.uexp" 1300
"../../../Engine/Content/EngineResources/DefaultTexture.ubulk" 1301
"../../../Engine/Content/EngineResources/DefaultTexture.uasset" 1302
"../../../Engine/Content/EngineResources/DefaultTexture.uexp" 1303
"../../../Engine/Plugins/Experimental/Water/Content/Textures/Normals/T_Water_TilingNormal_With_Height_02_Softened.ubulk" 1304
"../../../Engine/Plugins/Experimental/Water/Content/Textures/Normals/T_Water_TilingNormal_With_Height_02_Softened.uasset" 1305
"../../../Engine/Plugins/Experimental/Water/Content/Textures/Normals/T_Water_TilingNormal_With_Height_02_Softened.uexp" 1306
"../../../Engine/Plugins/Experimental/Water/Content/FluidSimulation/WaveFoam/FoamRT.uasset" 1307
"../../../Engine/Plugins/Experimental/Water/Content/FluidSimulation/WaveFoam/FoamRT.uexp" 1308
"../../../Engine/Plugins/Experimental/Water/Content/Textures/Foam/T_WaterFlow_01_Foam_Tiled.ubulk" 1309
"../../../Engine/Plugins/Experimental/Water/Content/Textures/Foam/T_WaterFlow_01_Foam_Tiled.uasset" 1310
"../../../Engine/Plugins/Experimental/Water/Content/Textures/Foam/T_WaterFlow_01_Foam_Tiled.uexp" 1311
"../../../Engine/Plugins/Experimental/Water/Content/Textures/Foam/T_WaterFlow_01_Foam_Tiled_N.ubulk" 1312
"../../../Engine/Plugins/Experimental/Water/Content/Textures/Foam/T_WaterFlow_01_Foam_Tiled_N.uasset" 1313
"../../../Engine/Plugins/Experimental/Water/Content/Textures/Foam/T_WaterFlow_01_Foam_Tiled_N.uexp" 1314
"../../../Engine/Content/EngineSky/VolumetricClouds/T_VolumeNoiseShape128.uasset" 1315
"../../../Engine/Content/EngineSky/VolumetricClouds/T_VolumeNoiseShape128.uexp" 1316
"../../../Engine/Plugins/Experimental/Water/Content/FluidSimulation/WaveFoam/WaterDistanceField.uasset" 1317
"../../../Engine/Plugins/Experimental/Water/Content/FluidSimulation/WaveFoam/WaterDistanceField.uexp" 1318
"../../../Engine/Content/Functions/Engine_MaterialFunctions02/Texturing/HeightLerp.uasset" 1319
"../../../Engine/Content/Functions/Engine_MaterialFunctions02/Texturing/HeightLerp.uexp" 1320
"../../../Engine/Content/Functions/Engine_MaterialFunctions03/Procedurals/NormalFromHeightmap.uasset" 1321
"../../../Engine/Content/Functions/Engine_MaterialFunctions03/Procedurals/NormalFromHeightmap.uexp" 1322
"../../../Engine/Plugins/Experimental/Water/Content/Materials/MPC/MPC_Water.uasset" 1323
"../../../Engine/Plugins/Experimental/Water/Content/Materials/MPC/MPC_Water.uexp" 1324
"../../../Engine/Content/Functions/Engine_MaterialFunctions01/Gradient/BoxMask-2D.uasset" 1325
"../../../Engine/Content/Functions/Engine_MaterialFunctions01/Gradient/BoxMask-2D.uexp" 1326
"../../../Engine/Plugins/Experimental/Water/Content/Materials/Functions/WaterZoneData.uasset" 1327
"../../../Engine/Plugins/Experimental/Water/Content/Materials/Functions/WaterZoneData.uexp" 1328
"../../../Engine/Plugins/Experimental/Water/Content/Textures/BlackTexture2DArray.uasset" 1329
"../../../Engine/Plugins/Experimental/Water/Content/Textures/BlackTexture2DArray.uexp" 1330
"../../../Engine/Plugins/Experimental/Water/Content/Materials/Functions/HighQualityTextureFiltering.uasset" 1331
"../../../Engine/Plugins/Experimental/Water/Content/Materials/Functions/HighQualityTextureFiltering.uexp" 1332
"../../../Engine/Plugins/Experimental/Water/Content/Materials/Functions/WaterBodyData.uasset" 1333
"../../../Engine/Plugins/Experimental/Water/Content/Materials/Functions/WaterBodyData.uexp" 1334
"../../../Engine/Plugins/Experimental/Water/Content/Materials/Layers/BeachFoam.uasset" 1335
"../../../Engine/Plugins/Experimental/Water/Content/Materials/Layers/BeachFoam.uexp" 1336
"../../../Engine/Plugins/Experimental/Water/Content/Materials/Functions/WaterOpacityMaskFromDepth.uasset" 1337
"../../../Engine/Plugins/Experimental/Water/Content/Materials/Functions/WaterOpacityMaskFromDepth.uexp" 1338
"../../../Engine/Plugins/Experimental/Water/Content/Textures/Flowmaps/RiverFlowmap_Diffuse.ubulk" 1339
"../../../Engine/Plugins/Experimental/Water/Content/Textures/Flowmaps/RiverFlowmap_Diffuse.uasset" 1340
"../../../Engine/Plugins/Experimental/Water/Content/Textures/Flowmaps/RiverFlowmap_Diffuse.uexp" 1341
"../../../Engine/Content/Functions/Engine_MaterialFunctions01/Coordinates/WorldPosition-XY.uasset" 1342
"../../../Engine/Content/Functions/Engine_MaterialFunctions01/Coordinates/WorldPosition-XY.uexp" 1343
"../../../Engine/Plugins/Experimental/Water/Content/Textures/Flowmaps/RiverFlowmap_Normal.ubulk" 1344
"../../../Engine/Plugins/Experimental/Water/Content/Textures/Flowmaps/RiverFlowmap_Normal.uasset" 1345
"../../../Engine/Plugins/Experimental/Water/Content/Textures/Flowmaps/RiverFlowmap_Normal.uexp" 1346
"../../../Engine/Content/Functions/Engine_MaterialFunctions02/Math/MakeVectorsOrthogonal.uasset" 1347
"../../../Engine/Content/Functions/Engine_MaterialFunctions02/Math/MakeVectorsOrthogonal.uexp" 1348
"../../../Engine/Content/Functions/Engine_MaterialFunctions01/Texturing/ComputeMipLevel.uasset" 1349
"../../../Engine/Content/Functions/Engine_MaterialFunctions01/Texturing/ComputeMipLevel.uexp" 1350
"../../../Engine/Content/Functions/Engine_MaterialFunctions02/Math/TimeWithSpeedVariable.uasset" 1351
"../../../Engine/Content/Functions/Engine_MaterialFunctions02/Math/TimeWithSpeedVariable.uexp" 1352
"../../../Engine/Content/Functions/Engine_MaterialFunctions02/Utility/LinearSine.uasset" 1353
"../../../Engine/Content/Functions/Engine_MaterialFunctions02/Utility/LinearSine.uexp" 1354
"../../../Engine/Content/Functions/Engine_MaterialFunctions02/Texturing/Flowmaps.uasset" 1355
"../../../Engine/Content/Functions/Engine_MaterialFunctions02/Texturing/Flowmaps.uexp" 1356
"../../../Engine/Plugins/Experimental/Water/Content/Materials/Functions/WaterRiverFlowmaps.uasset" 1357
"../../../Engine/Plugins/Experimental/Water/Content/Materials/Functions/WaterRiverFlowmaps.uexp" 1358
"../../../Engine/Plugins/Experimental/Water/Content/Materials/Layers/WaterAttributes.uasset" 1359
"../../../Engine/Plugins/Experimental/Water/Content/Materials/Layers/WaterAttributes.uexp" 1360
"../../../Engine/Plugins/Experimental/Water/Content/Materials/Functions/ClipDynamicBounds.uasset" 1361
"../../../Engine/Plugins/Experimental/Water/Content/Materials/Functions/ClipDynamicBounds.uexp" 1362
"../../../Engine/Plugins/Experimental/Water/Content/Materials/Functions/Water_Underside.uasset" 1363
"../../../Engine/Plugins/Experimental/Water/Content/Materials/Functions/Water_Underside.uexp" 1364
"../../../Engine/Plugins/Experimental/Water/Content/Materials/Functions/ComputeWavesAttenuationFactor.uasset" 1365
"../../../Engine/Plugins/Experimental/Water/Content/Materials/Functions/ComputeWavesAttenuationFactor.uexp" 1366
"../../../Engine/Plugins/Experimental/Water/Content/Materials/Functions/WaveDepthFalloff_Overrides.uasset" 1367
"../../../Engine/Plugins/Experimental/Water/Content/Materials/Functions/WaveDepthFalloff_Overrides.uexp" 1368
"../../../Engine/Plugins/Experimental/Water/Content/Materials/Functions/ComputeGerstnerWaves.uasset" 1369
"../../../Engine/Plugins/Experimental/Water/Content/Materials/Functions/ComputeGerstnerWaves.uexp" 1370
"../../../Engine/Content/Functions/Engine_MaterialFunctions01/Opacity/AlphaOffset.uasset" 1371
"../../../Engine/Content/Functions/Engine_MaterialFunctions01/Opacity/AlphaOffset.uexp" 1372
"../../../Engine/Plugins/Experimental/Water/Content/FluidSimulation/Materials/Functions/Fluidsim_WorldPosition_to_UV.uasset" 1373
"../../../Engine/Plugins/Experimental/Water/Content/FluidSimulation/Materials/Functions/Fluidsim_WorldPosition_to_UV.uexp" 1374
"../../../Engine/Plugins/Experimental/Water/Content/Materials/Functions/SampleFluidSimulation.uasset" 1375
"../../../Engine/Plugins/Experimental/Water/Content/Materials/Functions/SampleFluidSimulation.uexp" 1376
"../../../Engine/Plugins/Experimental/Water/Content/Materials/Functions/WaterTextureWaves.uasset" 1377
"../../../Engine/Plugins/Experimental/Water/Content/Materials/Functions/WaterTextureWaves.uexp" 1378
"../../../Engine/Plugins/Experimental/Water/Content/Materials/Functions/WaterTextureSurface.uasset" 1379
"../../../Engine/Plugins/Experimental/Water/Content/Materials/Functions/WaterTextureSurface.uexp" 1380
"../../../Engine/Plugins/Experimental/Water/Content/Caustics/Materials/Functions/GetDistortionUV.uasset" 1381
"../../../Engine/Plugins/Experimental/Water/Content/Caustics/Materials/Functions/GetDistortionUV.uexp" 1382
"../../../Engine/Plugins/Experimental/Water/Content/Materials/Functions/WorldNormalBehindWater.uasset" 1383
"../../../Engine/Plugins/Experimental/Water/Content/Materials/Functions/WorldNormalBehindWater.uexp" 1384
"../../../Engine/Plugins/Experimental/Water/Content/Materials/Functions/GetWaterTime.uasset" 1385
"../../../Engine/Plugins/Experimental/Water/Content/Materials/Functions/GetWaterTime.uexp" 1386
"../../../Engine/Plugins/Experimental/Water/Content/Materials/Functions/WorldPositionBehindWater.uasset" 1387
"../../../Engine/Plugins/Experimental/Water/Content/Materials/Functions/WorldPositionBehindWater.uexp" 1388
"../../../Engine/Plugins/Experimental/Water/Content/Caustics/Materials/Functions/WaterCaustics_GerstnerWaves.uasset" 1389
"../../../Engine/Plugins/Experimental/Water/Content/Caustics/Materials/Functions/WaterCaustics_GerstnerWaves.uexp" 1390
"../../../Engine/Plugins/Experimental/Water/Content/Materials/Functions/SetWaveAttributes.uasset" 1391
"../../../Engine/Plugins/Experimental/Water/Content/Materials/Functions/SetWaveAttributes.uexp" 1392
"../../../Engine/Plugins/Experimental/Water/Content/Materials/Functions/WaterHeightMappingVS.uasset" 1393
"../../../Engine/Plugins/Experimental/Water/Content/Materials/Functions/WaterHeightMappingVS.uexp" 1394
"../../../Engine/Plugins/Experimental/Water/Content/Materials/Functions/WaveVelocityMask.uasset" 1395
"../../../Engine/Plugins/Experimental/Water/Content/Materials/Functions/WaveVelocityMask.uexp" 1396
"../../../Engine/Plugins/Experimental/Water/Content/Materials/Functions/WaterCoefficientMask.uasset" 1397
"../../../Engine/Plugins/Experimental/Water/Content/Materials/Functions/WaterCoefficientMask.uexp" 1398
"../../../Engine/Plugins/Experimental/Water/Content/Materials/WaterSurface/Water_Material.uasset" 1399
"../../../Engine/Plugins/Experimental/Water/Content/Materials/WaterSurface/Water_Material.uexp" 1400
"../../../Engine/Content/EngineResources/Black.uasset" 1401
"../../../Engine/Content/EngineResources/Black.uexp" 1402
"../../../Engine/Plugins/Experimental/Water/Content/Materials/WaterSurface/Water_Material_Inst.uasset" 1403
"../../../Engine/Plugins/Experimental/Water/Content/Materials/WaterSurface/Water_Material_Inst.uexp" 1404
"../../../Engine/Plugins/Experimental/Water/Content/Materials/WaterSurface/Water_Material_Lake.uasset" 1405
"../../../Engine/Plugins/Experimental/Water/Content/Materials/WaterSurface/Water_Material_Lake.uexp" 1406
"../../../Engine/Plugins/Experimental/Water/Content/Materials/WaterSurface/LODs/Water_Material_Lake_LOD.uasset" 1407
"../../../Engine/Plugins/Experimental/Water/Content/Materials/WaterSurface/LODs/Water_Material_Lake_LOD.uexp" 1408
"../../../Engine/Plugins/Experimental/Water/Content/Materials/WaterSurface/Water_FarMesh.uasset" 1409
"../../../Engine/Plugins/Experimental/Water/Content/Materials/WaterSurface/Water_FarMesh.uexp" 1410
"../../../Engine/Plugins/Experimental/Water/Content/Materials/HLOD/HLODWater.uasset" 1411
"../../../Engine/Plugins/Experimental/Water/Content/Materials/HLOD/HLODWater.uexp" 1412
"../../../Engine/Plugins/Experimental/Water/Content/Curves/FloatCurve.uasset" 1413
"../../../Engine/Plugins/Experimental/Water/Content/Curves/FloatCurve.uexp" 1414
"../../../Engine/Content/Functions/Engine_MaterialFunctions02/ExampleContent/DebugNumberStrip.uasset" 1415
"../../../Engine/Content/Functions/Engine_MaterialFunctions02/ExampleContent/DebugNumberStrip.uexp" 1416
"../../../Engine/Content/Functions/Engine_MaterialFunctions01/Texturing/TextureCropping.uasset" 1417
"../../../Engine/Content/Functions/Engine_MaterialFunctions01/Texturing/TextureCropping.uexp" 1418
"../../../Engine/Content/Functions/Engine_MaterialFunctions02/ExampleContent/Textures/DebugNumberPeriod.uasset" 1419
"../../../Engine/Content/Functions/Engine_MaterialFunctions02/ExampleContent/Textures/DebugNumberPeriod.uexp" 1420
"../../../Engine/Content/Functions/Engine_MaterialFunctions02/Utility/DebugScalarValues.uasset" 1421
"../../../Engine/Content/Functions/Engine_MaterialFunctions02/Utility/DebugScalarValues.uexp" 1422
"../../../Engine/Content/Functions/Engine_MaterialFunctions01/Volumetrics/SchlickPhase.uasset" 1423
"../../../Engine/Content/Functions/Engine_MaterialFunctions01/Volumetrics/SchlickPhase.uexp" 1424
"../../../Engine/Plugins/Experimental/Water/Content/Materials/PostProcessing/M_UnderWater_PostProcess_Volume.uasset" 1425
"../../../Engine/Plugins/Experimental/Water/Content/Materials/PostProcessing/M_UnderWater_PostProcess_Volume.uexp" 1426
"C:/Users/luisp/Documents/Projetos/Unreal Engine/EbacProject/Content/StarterContent/Props/SM_Couch.ubulk" 1427
"C:/Users/luisp/Documents/Projetos/Unreal Engine/EbacProject/Content/StarterContent/Props/SM_Couch.uasset" 1428
"C:/Users/luisp/Documents/Projetos/Unreal Engine/EbacProject/Content/StarterContent/Props/SM_Couch.uexp" 1429
"../../../Engine/Content/BasicShapes/Cube.ubulk" 1430
"../../../Engine/Content/BasicShapes/Cube.uasset" 1431
"../../../Engine/Content/BasicShapes/Cube.uexp" 1432
"../../../Engine/Content/BasicShapes/BasicShapeMaterial.uasset" 1433
"../../../Engine/Content/BasicShapes/BasicShapeMaterial.uexp" 1434
"C:/Users/luisp/Documents/Projetos/Unreal Engine/EbacProject/Content/StarterContent/Textures/T_TableRound_N.ubulk" 1435
"C:/Users/luisp/Documents/Projetos/Unreal Engine/EbacProject/Content/StarterContent/Textures/T_TableRound_N.uasset" 1436
"C:/Users/luisp/Documents/Projetos/Unreal Engine/EbacProject/Content/StarterContent/Textures/T_TableRound_N.uexp" 1437
"C:/Users/luisp/Documents/Projetos/Unreal Engine/EbacProject/Content/StarterContent/Textures/T_TableRound_M.ubulk" 1438
"C:/Users/luisp/Documents/Projetos/Unreal Engine/EbacProject/Content/StarterContent/Textures/T_TableRound_M.uasset" 1439
"C:/Users/luisp/Documents/Projetos/Unreal Engine/EbacProject/Content/StarterContent/Textures/T_TableRound_M.uexp" 1440
"C:/Users/luisp/Documents/Projetos/Unreal Engine/EbacProject/Content/StarterContent/Props/Materials/M_TableRound.uasset" 1441
"C:/Users/luisp/Documents/Projetos/Unreal Engine/EbacProject/Content/StarterContent/Props/Materials/M_TableRound.uexp" 1442
"C:/Users/luisp/Documents/Projetos/Unreal Engine/EbacProject/Content/StarterContent/Props/SM_TableRound.ubulk" 1443
"C:/Users/luisp/Documents/Projetos/Unreal Engine/EbacProject/Content/StarterContent/Props/SM_TableRound.uasset" 1444
"C:/Users/luisp/Documents/Projetos/Unreal Engine/EbacProject/Content/StarterContent/Props/SM_TableRound.uexp" 1445
"C:/Users/luisp/Documents/Projetos/Unreal Engine/EbacProject/Content/StarterContent/Textures/T_Statue_M.ubulk" 1446
"C:/Users/luisp/Documents/Projetos/Unreal Engine/EbacProject/Content/StarterContent/Textures/T_Statue_M.uasset" 1447
"C:/Users/luisp/Documents/Projetos/Unreal Engine/EbacProject/Content/StarterContent/Textures/T_Statue_M.uexp" 1448
"C:/Users/luisp/Documents/Projetos/Unreal Engine/EbacProject/Content/StarterContent/Textures/T_Statue_N.ubulk" 1449
"C:/Users/luisp/Documents/Projetos/Unreal Engine/EbacProject/Content/StarterContent/Textures/T_Statue_N.uasset" 1450
"C:/Users/luisp/Documents/Projetos/Unreal Engine/EbacProject/Content/StarterContent/Textures/T_Statue_N.uexp" 1451
"C:/Users/luisp/Documents/Projetos/Unreal Engine/EbacProject/Content/StarterContent/Props/Materials/M_Statue.uasset" 1452
"C:/Users/luisp/Documents/Projetos/Unreal Engine/EbacProject/Content/StarterContent/Props/Materials/M_Statue.uexp" 1453
"C:/Users/luisp/Documents/Projetos/Unreal Engine/EbacProject/Content/StarterContent/Props/Materials/M_StatueGlass.uasset" 1454
"C:/Users/luisp/Documents/Projetos/Unreal Engine/EbacProject/Content/StarterContent/Props/Materials/M_StatueGlass.uexp" 1455
"C:/Users/luisp/Documents/Projetos/Unreal Engine/EbacProject/Content/StarterContent/Props/SM_Statue.ubulk" 1456
"C:/Users/luisp/Documents/Projetos/Unreal Engine/EbacProject/Content/StarterContent/Props/SM_Statue.uasset" 1457
"C:/Users/luisp/Documents/Projetos/Unreal Engine/EbacProject/Content/StarterContent/Props/SM_Statue.uexp" 1458
"C:/Users/luisp/Documents/Projetos/Unreal Engine/EbacProject/Content/ThirdPerson/Maps/_GENERATED/luisp/Boolean_C67C916D.ubulk" 1459
"C:/Users/luisp/Documents/Projetos/Unreal Engine/EbacProject/Content/ThirdPerson/Maps/_GENERATED/luisp/Boolean_C67C916D.uasset" 1460
"C:/Users/luisp/Documents/Projetos/Unreal Engine/EbacProject/Content/ThirdPerson/Maps/_GENERATED/luisp/Boolean_C67C916D.uexp" 1461
"C:/Users/luisp/Documents/Projetos/Unreal Engine/EbacProject/Content/StarterContent/Textures/T_Brick_Clay_New_M.uasset" 1462
"C:/Users/luisp/Documents/Projetos/Unreal Engine/EbacProject/Content/StarterContent/Textures/T_Brick_Clay_New_M.uexp" 1463
"C:/Users/luisp/Documents/Projetos/Unreal Engine/EbacProject/Content/Materials/TextureMaterial.uasset" 1464
"C:/Users/luisp/Documents/Projetos/Unreal Engine/EbacProject/Content/Materials/TextureMaterial.uexp" 1465
"C:/Users/luisp/Documents/Projetos/Unreal Engine/EbacProject/Content/Maps/_GENERATED/luisp/CubeGridToolOutput_A263853C.ubulk" 1466
"C:/Users/luisp/Documents/Projetos/Unreal Engine/EbacProject/Content/Maps/_GENERATED/luisp/CubeGridToolOutput_A263853C.uasset" 1467
"C:/Users/luisp/Documents/Projetos/Unreal Engine/EbacProject/Content/Maps/_GENERATED/luisp/CubeGridToolOutput_A263853C.uexp" 1468
"../../../Engine/Content/EngineSky/T_Sky_Stars.ubulk" 1469
"../../../Engine/Content/EngineSky/T_Sky_Stars.uasset" 1470
"../../../Engine/Content/EngineSky/T_Sky_Stars.uexp" 1471
"../../../Engine/Content/EngineSky/T_Sky_Clouds_M.ubulk" 1472
"../../../Engine/Content/EngineSky/T_Sky_Clouds_M.uasset" 1473
"../../../Engine/Content/EngineSky/T_Sky_Clouds_M.uexp" 1474
"../../../Engine/Content/EngineSky/T_Sky_Blue.ubulk" 1475
"../../../Engine/Content/EngineSky/T_Sky_Blue.uasset" 1476
"../../../Engine/Content/EngineSky/T_Sky_Blue.uexp" 1477
"../../../Engine/Content/EngineSky/M_Sky_Panning_Clouds2.uasset" 1478
"../../../Engine/Content/EngineSky/M_Sky_Panning_Clouds2.uexp" 1479
"../../../Engine/Content/EngineSky/SM_SkySphere.ubulk" 1480
"../../../Engine/Content/EngineSky/SM_SkySphere.uasset" 1481
"../../../Engine/Content/EngineSky/SM_SkySphere.uexp" 1482
"../../../Engine/Content/EngineSky/M_SimpleSkyDome.uasset" 1483
"../../../Engine/Content/EngineSky/M_SimpleSkyDome.uexp" 1484
"C:/Users/luisp/Documents/Projetos/Unreal Engine/EbacProject/Content/LevelPrototyping/Textures/T_GridChecker_A.ubulk" 1485
"C:/Users/luisp/Documents/Projetos/Unreal Engine/EbacProject/Content/LevelPrototyping/Textures/T_GridChecker_A.uasset" 1486
"C:/Users/luisp/Documents/Projetos/Unreal Engine/EbacProject/Content/LevelPrototyping/Textures/T_GridChecker_A.uexp" 1487
"C:/Users/luisp/Documents/Projetos/Unreal Engine/EbacProject/Content/LevelPrototyping/Materials/MF_ProcGrid.uasset" 1488
"C:/Users/luisp/Documents/Projetos/Unreal Engine/EbacProject/Content/LevelPrototyping/Materials/MF_ProcGrid.uexp" 1489
"C:/Users/luisp/Documents/Projetos/Unreal Engine/EbacProject/Content/LevelPrototyping/Materials/M_PrototypeGrid.uasset" 1490
"C:/Users/luisp/Documents/Projetos/Unreal Engine/EbacProject/Content/LevelPrototyping/Materials/M_PrototypeGrid.uexp" 1491
"C:/Users/luisp/Documents/Projetos/Unreal Engine/EbacProject/Content/LevelPrototyping/Materials/MI_PrototypeGrid_Gray.uasset" 1492
"C:/Users/luisp/Documents/Projetos/Unreal Engine/EbacProject/Content/LevelPrototyping/Materials/MI_PrototypeGrid_Gray.uexp" 1493
"C:/Users/luisp/Documents/Projetos/Unreal Engine/EbacProject/Content/LevelPrototyping/Meshes/SM_Cube.ubulk" 1494
"C:/Users/luisp/Documents/Projetos/Unreal Engine/EbacProject/Content/LevelPrototyping/Meshes/SM_Cube.uasset" 1495
"C:/Users/luisp/Documents/Projetos/Unreal Engine/EbacProject/Content/LevelPrototyping/Meshes/SM_Cube.uexp" 1496
"../../../Engine/Content/EngineMaterials/DefaultDestructiblePhysicalMaterial.uasset" 1497
"../../../Engine/Content/EngineMaterials/DefaultDestructiblePhysicalMaterial.uexp" 1498
"C:/Users/luisp/Documents/Projetos/Unreal Engine/EbacProject/Content/Physics/GC_Cube.uasset" 1499
"C:/Users/luisp/Documents/Projetos/Unreal Engine/EbacProject/Content/Physics/GC_Cube.uexp" 1500
"../../../Engine/Plugins/FX/Niagara/Content/VectorFields/Assets/TilingCurl32.uasset" 1501
"../../../Engine/Plugins/FX/Niagara/Content/VectorFields/Assets/TilingCurl32.uexp" 1502
"C:/Users/luisp/Documents/Projetos/Unreal Engine/EbacProject/Content/StarterContent/Textures/T_ground_Moss_D.ubulk" 1503
"C:/Users/luisp/Documents/Projetos/Unreal Engine/EbacProject/Content/StarterContent/Textures/T_ground_Moss_D.uasset" 1504
"C:/Users/luisp/Documents/Projetos/Unreal Engine/EbacProject/Content/StarterContent/Textures/T_ground_Moss_D.uexp" 1505
"C:/Users/luisp/Documents/Projetos/Unreal Engine/EbacProject/Content/StarterContent/Textures/T_Perlin_Noise_M.ubulk" 1506
"C:/Users/luisp/Documents/Projetos/Unreal Engine/EbacProject/Content/StarterContent/Textures/T_Perlin_Noise_M.uasset" 1507
"C:/Users/luisp/Documents/Projetos/Unreal Engine/EbacProject/Content/StarterContent/Textures/T_Perlin_Noise_M.uexp" 1508
"C:/Users/luisp/Documents/Projetos/Unreal Engine/EbacProject/Content/StarterContent/Textures/T_MacroVariation.uasset" 1509
"C:/Users/luisp/Documents/Projetos/Unreal Engine/EbacProject/Content/StarterContent/Textures/T_MacroVariation.uexp" 1510
"C:/Users/luisp/Documents/Projetos/Unreal Engine/EbacProject/Content/StarterContent/Textures/T_Ground_Moss_N.ubulk" 1511
"C:/Users/luisp/Documents/Projetos/Unreal Engine/EbacProject/Content/StarterContent/Textures/T_Ground_Moss_N.uasset" 1512
"C:/Users/luisp/Documents/Projetos/Unreal Engine/EbacProject/Content/StarterContent/Textures/T_Ground_Moss_N.uexp" 1513
"C:/Users/luisp/Documents/Projetos/Unreal Engine/EbacProject/Content/StarterContent/Materials/M_Ground_Moss.uasset" 1514
"C:/Users/luisp/Documents/Projetos/Unreal Engine/EbacProject/Content/StarterContent/Materials/M_Ground_Moss.uexp" 1515
"C:/Users/luisp/Documents/Projetos/Unreal Engine/EbacProject/Content/FX/LeafSystem.uasset" 1516
"C:/Users/luisp/Documents/Projetos/Unreal Engine/EbacProject/Content/FX/LeafSystem.uexp" 1517
"../../../Engine/Content/EngineResources/LandscapeVisibilityLayerInfo.uasset" 1518
"../../../Engine/Content/EngineResources/LandscapeVisibilityLayerInfo.uexp" 1519
"../../../Engine/Content/VREditor/TransformGizmo/StartRotationHandleIndicator.ubulk" 1520
"../../../Engine/Content/VREditor/TransformGizmo/StartRotationHandleIndicator.uasset" 1521
"../../../Engine/Content/VREditor/TransformGizmo/StartRotationHandleIndicator.uexp" 1522
"../../../Engine/Content/VREditor/Sounds/UI/Drop_Item_From_ContentBrowser.ubulk" 1523
"../../../Engine/Content/VREditor/Sounds/UI/Drop_Item_From_ContentBrowser.uasset" 1524
"../../../Engine/Content/VREditor/Sounds/UI/Drop_Item_From_ContentBrowser.uexp" 1525
"../../../Engine/Content/VREditor/TransformGizmo/PlaneTranslationHandle.ubulk" 1526
"../../../Engine/Content/VREditor/TransformGizmo/PlaneTranslationHandle.uasset" 1527
"../../../Engine/Content/VREditor/TransformGizmo/PlaneTranslationHandle.uexp" 1528
"../../../Engine/Content/VREditor/Sounds/UI/Object_Snaps_To_Grid.ubulk" 1529
"../../../Engine/Content/VREditor/Sounds/UI/Object_Snaps_To_Grid.uasset" 1530
"../../../Engine/Content/VREditor/Sounds/UI/Object_Snaps_To_Grid.uexp" 1531
"../../../Engine/Content/VREditor/Sounds/UI/Selection_Changes.ubulk" 1532
"../../../Engine/Content/VREditor/Sounds/UI/Selection_Changes.uasset" 1533
"../../../Engine/Content/VREditor/Sounds/UI/Selection_Changes.uexp" 1534
"../../../Engine/Content/VREditor/Sounds/UI/Object_Snaps_To_Another_Actor.ubulk" 1535
"../../../Engine/Content/VREditor/Sounds/UI/Object_Snaps_To_Another_Actor.uasset" 1536
"../../../Engine/Content/VREditor/Sounds/UI/Object_Snaps_To_Another_Actor.uexp" 1537
"../../../Engine/Content/VREditor/TransformGizmo/TranslucentTransformGizmoMaterial_Inst.uasset" 1538
"../../../Engine/Content/VREditor/TransformGizmo/TranslucentTransformGizmoMaterial_Inst.uexp" 1539
"../../../Engine/Content/VREditor/TransformGizmo/TransformGizmoFreeRotation.ubulk" 1540
"../../../Engine/Content/VREditor/TransformGizmo/TransformGizmoFreeRotation.uasset" 1541
"../../../Engine/Content/VREditor/TransformGizmo/TransformGizmoFreeRotation.uexp" 1542
"../../../Engine/Content/VREditor/Sounds/UI/Scaling_Down.ubulk" 1543
"../../../Engine/Content/VREditor/Sounds/UI/Scaling_Down.uasset" 1544
"../../../Engine/Content/VREditor/Sounds/UI/Scaling_Down.uexp" 1545
"../../../Engine/Content/Functions/Engine_MaterialFunctions02/SplitComponents.uasset" 1546
"../../../Engine/Content/Functions/Engine_MaterialFunctions02/SplitComponents.uexp" 1547
"../../../Engine/Content/VREditor/SnapGrid/SnapGridMaterial.uasset" 1548
"../../../Engine/Content/VREditor/SnapGrid/SnapGridMaterial.uexp" 1549
"../../../Engine/Content/VREditor/SnapGrid/SnapGridPlaneMesh.ubulk" 1550
"../../../Engine/Content/VREditor/SnapGrid/SnapGridPlaneMesh.uasset" 1551
"../../../Engine/Content/VREditor/SnapGrid/SnapGridPlaneMesh.uexp" 1552
"../../../Engine/Content/VREditor/Sounds/UI/Scaling_Up.ubulk" 1553
"../../../Engine/Content/VREditor/Sounds/UI/Scaling_Up.uasset" 1554
"../../../Engine/Content/VREditor/Sounds/UI/Scaling_Up.uexp" 1555
"../../../Engine/Content/VREditor/TransformGizmo/TransformGizmoMaterial_Inst.uasset" 1556
"../../../Engine/Content/VREditor/TransformGizmo/TransformGizmoMaterial_Inst.uexp" 1557
"../../../Engine/Content/VREditor/Sounds/UI/Gizmo_Handle_Clicked.ubulk" 1558
"../../../Engine/Content/VREditor/Sounds/UI/Gizmo_Handle_Clicked.uasset" 1559
"../../../Engine/Content/VREditor/Sounds/UI/Gizmo_Handle_Clicked.uexp" 1560
"../../../Engine/Content/VREditor/TransformGizmo/RotationHandleQuarter.ubulk" 1561
"../../../Engine/Content/VREditor/TransformGizmo/RotationHandleQuarter.uasset" 1562
"../../../Engine/Content/VREditor/TransformGizmo/RotationHandleQuarter.uexp" 1563
"../../../Engine/Content/VREditor/TransformGizmo/TranslateArrowHandle.ubulk" 1564
"../../../Engine/Content/VREditor/TransformGizmo/TranslateArrowHandle.uasset" 1565
"../../../Engine/Content/VREditor/TransformGizmo/TranslateArrowHandle.uexp" 1566
"../../../Engine/Content/VREditor/TransformGizmo/RotationHandleIndicator.ubulk" 1567
"../../../Engine/Content/VREditor/TransformGizmo/RotationHandleIndicator.uasset" 1568
"../../../Engine/Content/VREditor/TransformGizmo/RotationHandleIndicator.uexp" 1569
"../../../Engine/Content/VREditor/TransformGizmo/UniformScaleHandle.ubulk" 1570
"../../../Engine/Content/VREditor/TransformGizmo/UniformScaleHandle.uasset" 1571
"../../../Engine/Content/VREditor/TransformGizmo/UniformScaleHandle.uexp" 1572
"../../../Engine/Content/VREditor/TransformGizmo/RotationHandleFull.ubulk" 1573
"../../../Engine/Content/VREditor/TransformGizmo/RotationHandleFull.uasset" 1574
"../../../Engine/Content/VREditor/TransformGizmo/RotationHandleFull.uexp" 1575
"../../../Engine/Content/VREditor/Sounds/UI/Object_PickUp.ubulk" 1576
"../../../Engine/Content/VREditor/Sounds/UI/Object_PickUp.uasset" 1577
"../../../Engine/Content/VREditor/Sounds/UI/Object_PickUp.uexp" 1578
"../../../Engine/Plugins/Animation/DeformerGraph/Content/DeformerFunctions/DG_Function_ComputeNormalsTangents.uasset" 1579
"../../../Engine/Plugins/Animation/DeformerGraph/Content/DeformerFunctions/DG_Function_ComputeNormalsTangents.uexp" 1580
"../../../Engine/Plugins/Animation/DeformerGraph/Content/DeformerFunctions/DG_Function_LinearBlendSkin_Morph_Cloth.uasset" 1581
"../../../Engine/Plugins/Animation/DeformerGraph/Content/DeformerFunctions/DG_Function_LinearBlendSkin_Morph_Cloth.uexp" 1582
"../../../Engine/Plugins/Animation/DeformerGraph/Content/DeformerFunctions/DG_Function_LinearBlendSkin_Morph_Cloth_PositionOnly.uasset" 1583
"../../../Engine/Plugins/Animation/DeformerGraph/Content/DeformerFunctions/DG_Function_LinearBlendSkin_Morph_Cloth_PositionOnly.uexp" 1584
"../../../Engine/Plugins/Animation/DeformerGraph/Content/Deformers/DG_LinearBlendSkin_Morph_Cloth.uasset" 1585
"../../../Engine/Plugins/Animation/DeformerGraph/Content/Deformers/DG_LinearBlendSkin_Morph_Cloth.uexp" 1586
"../../../Engine/Plugins/Animation/DeformerGraph/Content/Deformers/DG_LinearBlendSkin_Morph_Cloth_RecomputeNormals.uasset" 1587
"../../../Engine/Plugins/Animation/DeformerGraph/Content/Deformers/DG_LinearBlendSkin_Morph_Cloth_RecomputeNormals.uexp" 1588
"../../../Engine/Plugins/NNE/NNEDenoiser/Content/NNEDT_Oidn2-3_Balanced.uasset" 1589
"../../../Engine/Plugins/NNE/NNEDenoiser/Content/NNEDT_Oidn2-3_Balanced.uexp" 1590
"../../../Engine/Plugins/NNE/NNEDenoiser/Content/NNEDT_Oidn2-3_Balanced_Alpha.uasset" 1591
"../../../Engine/Plugins/NNE/NNEDenoiser/Content/NNEDT_Oidn2-3_Balanced_Alpha.uexp" 1592
"../../../Engine/Plugins/NNE/NNEDenoiser/Content/NNED_Oidn2-3_Balanced.uasset" 1593
"../../../Engine/Plugins/NNE/NNEDenoiser/Content/NNED_Oidn2-3_Balanced.uexp" 1594
"../../../Engine/Plugins/NNE/NNEDenoiser/Content/NNED_Oidn2-3_Balanced_Alpha.uasset" 1595
"../../../Engine/Plugins/NNE/NNEDenoiser/Content/NNED_Oidn2-3_Balanced_Alpha.uexp" 1596
"../../../Engine/Plugins/NNE/NNEDenoiser/Content/NNED_Oidn2-3_Fast.uasset" 1597
"../../../Engine/Plugins/NNE/NNEDenoiser/Content/NNED_Oidn2-3_Fast.uexp" 1598
"../../../Engine/Plugins/NNE/NNEDenoiser/Content/NNED_Oidn2-3_Fast_Alpha.uasset" 1599
"../../../Engine/Plugins/NNE/NNEDenoiser/Content/NNED_Oidn2-3_Fast_Alpha.uexp" 1600
"../../../Engine/Plugins/NNE/NNEDenoiser/Content/NNED_Oidn2-3_HighQuality.uasset" 1601
"../../../Engine/Plugins/NNE/NNEDenoiser/Content/NNED_Oidn2-3_HighQuality.uexp" 1602
"../../../Engine/Plugins/NNE/NNEDenoiser/Content/NNED_Oidn2-3_HighQuality_Alpha.uasset" 1603
"../../../Engine/Plugins/NNE/NNEDenoiser/Content/NNED_Oidn2-3_HighQuality_Alpha.uexp" 1604
"../../../Engine/Plugins/NNE/NNEDenoiser/Content/NNE_oidn2-3-0_rt_hdr_alb_nrm_small__dyn__fp16_opset11_DenoiseAlpha.uasset" 1605
"../../../Engine/Plugins/NNE/NNEDenoiser/Content/NNE_oidn2-3-0_rt_hdr_alb_nrm_small__dyn__fp16_opset11_DenoiseAlpha.uexp" 1606
"../../../Engine/Plugins/NNE/NNEDenoiser/Content/NNE_oidn2-3-0_rt_hdr_alb_nrm_small__dyn__fp16_opset11_ForwardAlpha.uasset" 1607
"../../../Engine/Plugins/NNE/NNEDenoiser/Content/NNE_oidn2-3-0_rt_hdr_alb_nrm_small__dyn__fp16_opset11_ForwardAlpha.uexp" 1608
"../../../Engine/Plugins/NNE/NNEDenoiser/Content/NNE_oidn2-3-0_rt_hdr_alb_nrm__dyn__fp16_opset11_DenoiseAlpha.uasset" 1609
"../../../Engine/Plugins/NNE/NNEDenoiser/Content/NNE_oidn2-3-0_rt_hdr_alb_nrm__dyn__fp16_opset11_DenoiseAlpha.uexp" 1610
"../../../Engine/Plugins/NNE/NNEDenoiser/Content/NNE_oidn2-3-0_rt_hdr_alb_nrm__dyn__fp16_opset11_ForwardAlpha.uasset" 1611
"../../../Engine/Plugins/NNE/NNEDenoiser/Content/NNE_oidn2-3-0_rt_hdr_alb_nrm__dyn__fp16_opset11_ForwardAlpha.uexp" 1612
"../../../Engine/Plugins/NNE/NNEDenoiser/Content/NNE_oidn2-3-0_rt_hdr_calb_cnrm_large__dyn__fp16_opset11_DenoiseAlpha.uasset" 1613
"../../../Engine/Plugins/NNE/NNEDenoiser/Content/NNE_oidn2-3-0_rt_hdr_calb_cnrm_large__dyn__fp16_opset11_DenoiseAlpha.uexp" 1614
"../../../Engine/Plugins/NNE/NNEDenoiser/Content/NNE_oidn2-3-0_rt_hdr_calb_cnrm_large__dyn__fp16_opset11_ForwardAlpha.uasset" 1615
"../../../Engine/Plugins/NNE/NNEDenoiser/Content/NNE_oidn2-3-0_rt_hdr_calb_cnrm_large__dyn__fp16_opset11_ForwardAlpha.uexp" 1616
"C:/Users/luisp/Documents/Projetos/Unreal Engine/EbacProject/Content/Blueprints/CoreGameplay/BP_ThirdPersonGameMode.uasset" 1617
"C:/Users/luisp/Documents/Projetos/Unreal Engine/EbacProject/Content/Blueprints/CoreGameplay/BP_ThirdPersonGameMode.uexp" 1618
"C:/Users/luisp/Documents/Projetos/Unreal Engine/EbacProject/Content/StarterContent/Textures/T_Water_N.ubulk" 1619
"C:/Users/luisp/Documents/Projetos/Unreal Engine/EbacProject/Content/StarterContent/Textures/T_Water_N.uasset" 1620
"C:/Users/luisp/Documents/Projetos/Unreal Engine/EbacProject/Content/StarterContent/Textures/T_Water_N.uexp" 1621
"C:/Users/luisp/Documents/Projetos/Unreal Engine/EbacProject/Content/Materials/WaterMaterial.uasset" 1622
"C:/Users/luisp/Documents/Projetos/Unreal Engine/EbacProject/Content/Materials/WaterMaterial.uexp" 1623
"C:/Users/luisp/Documents/Projetos/Unreal Engine/EbacProject/Content/Maps/DL_Quest1.uasset" 1624
"C:/Users/luisp/Documents/Projetos/Unreal Engine/EbacProject/Content/Maps/DL_Quest1.uexp" 1625
"C:/Users/luisp/Documents/Projetos/Unreal Engine/EbacProject/Content/StarterContent/Textures/T_Brick_Clay_Old_N.ubulk" 1626
"C:/Users/luisp/Documents/Projetos/Unreal Engine/EbacProject/Content/StarterContent/Textures/T_Brick_Clay_Old_N.uasset" 1627
"C:/Users/luisp/Documents/Projetos/Unreal Engine/EbacProject/Content/StarterContent/Textures/T_Brick_Clay_Old_N.uexp" 1628
"C:/Users/luisp/Documents/Projetos/Unreal Engine/EbacProject/Content/StarterContent/Textures/T_Brick_Clay_Old_D.ubulk" 1629
"C:/Users/luisp/Documents/Projetos/Unreal Engine/EbacProject/Content/StarterContent/Textures/T_Brick_Clay_Old_D.uasset" 1630
"C:/Users/luisp/Documents/Projetos/Unreal Engine/EbacProject/Content/StarterContent/Textures/T_Brick_Clay_Old_D.uexp" 1631
"C:/Users/luisp/Documents/Projetos/Unreal Engine/EbacProject/Content/StarterContent/Materials/M_Brick_Clay_Old.uasset" 1632
"C:/Users/luisp/Documents/Projetos/Unreal Engine/EbacProject/Content/StarterContent/Materials/M_Brick_Clay_Old.uexp" 1633
"C:/Users/luisp/Documents/Projetos/Unreal Engine/EbacProject/Content/StarterContent/Textures/T_Wood_Oak_N.ubulk" 1634
"C:/Users/luisp/Documents/Projetos/Unreal Engine/EbacProject/Content/StarterContent/Textures/T_Wood_Oak_N.uasset" 1635
"C:/Users/luisp/Documents/Projetos/Unreal Engine/EbacProject/Content/StarterContent/Textures/T_Wood_Oak_N.uexp" 1636
"C:/Users/luisp/Documents/Projetos/Unreal Engine/EbacProject/Content/StarterContent/Textures/T_Wood_Oak_D.ubulk" 1637
"C:/Users/luisp/Documents/Projetos/Unreal Engine/EbacProject/Content/StarterContent/Textures/T_Wood_Oak_D.uasset" 1638
"C:/Users/luisp/Documents/Projetos/Unreal Engine/EbacProject/Content/StarterContent/Textures/T_Wood_Oak_D.uexp" 1639
"C:/Users/luisp/Documents/Projetos/Unreal Engine/EbacProject/Content/StarterContent/Materials/M_Wood_Oak.uasset" 1640
"C:/Users/luisp/Documents/Projetos/Unreal Engine/EbacProject/Content/StarterContent/Materials/M_Wood_Oak.uexp" 1641
"C:/Users/luisp/Documents/Projetos/Unreal Engine/EbacProject/Content/StarterContent/Textures/T_Metal_Gold_D.ubulk" 1642
"C:/Users/luisp/Documents/Projetos/Unreal Engine/EbacProject/Content/StarterContent/Textures/T_Metal_Gold_D.uasset" 1643
"C:/Users/luisp/Documents/Projetos/Unreal Engine/EbacProject/Content/StarterContent/Textures/T_Metal_Gold_D.uexp" 1644
"C:/Users/luisp/Documents/Projetos/Unreal Engine/EbacProject/Content/Materials/MasterMaterial.uasset" 1645
"C:/Users/luisp/Documents/Projetos/Unreal Engine/EbacProject/Content/Materials/MasterMaterial.uexp" 1646
"C:/Users/luisp/Documents/Projetos/Unreal Engine/EbacProject/Content/StarterContent/Materials/M_Basic_Wall.uasset" 1647
"C:/Users/luisp/Documents/Projetos/Unreal Engine/EbacProject/Content/StarterContent/Materials/M_Basic_Wall.uexp" 1648
"C:/Users/luisp/Documents/Projetos/Unreal Engine/EbacProject/Content/ThirdPerson/Maps/ThirdPersonMap.uexp" 1649
"C:/Users/luisp/Documents/Projetos/Unreal Engine/EbacProject/Content/ThirdPerson/Maps/ThirdPersonMap.ubulk" 1650
"C:/Users/luisp/Documents/Projetos/Unreal Engine/EbacProject/Content/ThirdPerson/Maps/ThirdPersonMap.umap" 1651
"C:/Users/luisp/Documents/Projetos/Unreal Engine/EbacProject/Content/Maps/GameplayMap.uexp" 1652
"C:/Users/luisp/Documents/Projetos/Unreal Engine/EbacProject/Content/Maps/GameplayMap.ubulk" 1653
"C:/Users/luisp/Documents/Projetos/Unreal Engine/EbacProject/Content/Maps/GameplayMap.umap" 1654
"../../../Engine/Content/Maps/Entry_BuiltData.uasset" 1655
"../../../Engine/Content/Maps/Entry_BuiltData.uexp" 1656
"../../../Engine/Content/Maps/Entry.uexp" 1657
"../../../Engine/Content/Maps/Entry.umap" 1658
"C:/Users/luisp/Documents/Projetos/Unreal Engine/EbacProject/Content/Maps/GameplayMap/_Generated_/ANPDP2DH9MXACLYA9AIS9GN4X.uexp" 1659
"C:/Users/luisp/Documents/Projetos/Unreal Engine/EbacProject/Content/Maps/GameplayMap/_Generated_/ANPDP2DH9MXACLYA9AIS9GN4X.umap" 1660
"C:/Users/luisp/Documents/Projetos/Unreal Engine/EbacProject/Content/ThirdPerson/Maps/ThirdPersonMap/_Generated_/2SG1AH04M854OJ1A7QWBZ6S8J.uexp" 1661
"C:/Users/luisp/Documents/Projetos/Unreal Engine/EbacProject/Content/ThirdPerson/Maps/ThirdPersonMap/_Generated_/2SG1AH04M854OJ1A7QWBZ6S8J.umap" 1662
